frame,pair,mode,count,warmup,normalized_time,total_sync_ms,submission_cpu_ms,prep_cpu_ms,prep_gpu_interval_ms,shadow_gpu_ms,main_gpu_ms,preskin_cpu_upload_ms,texture_upload_cpu_ms,texture_upload_bytes,geometry_upload_bytes,preskin_calls,main_instances,main_draws,main_mesh_instances,shadow_instances,shadow_draws,shadow_mesh_instances,alloc_bytes,gen0,gen1,restore_submit_ms,restore_drain_ms,restore_bytes,restore_alloc_bytes,normal_correction_cpu_upload_ms,normal_correction_upload_bytes
0,0,baseline,1000,1,0,53.5707,7.092,1.8437,0.00468,2.98388,9.20992,0,0.3179,49152,0,0,1000,6,6000,1000,6,6000,669864,0,0,0.2204,0.711,214896,40,0,0
1,0,preskin,1000,1,0,14.8964,2.239,1.8398,0.05608,3.18988,6.66024,1.7985,0.0144,49152,322344,1,1000,6,6000,1000,6,6000,40,0,0,0,0,0,0,1.562,107448
2,1,preskin,1000,1,0.016393442,14.2438,2.2398,0.4992,0.05452,3.41576,6.99516,0.4514,0.0199,49152,322344,1,1000,6,6000,1000,6,6000,0,0,0,0,0,0,0,0.2218,107448
3,1,baseline,1000,1,0.016393442,15.8255,2.1484,0.0565,0.00544,3.74636,8.95576,0,0.016900000000000002,49152,0,0,1000,6,6000,1000,6,6000,0,0,0,0.0705,0.4059,214896,0,0,0
4,2,baseline,1000,1,0.032786883,16.1431,2.2775,0.0548,0.0054,3.78792,9.16056,0,0.0144,49152,0,0,1000,6,6000,1000,6,6000,0,0,0,0.097,0.4094,214896,0,0,0
5,2,preskin,1000,1,0.032786883,13.8846,2.2412,0.5038,0.05476,3.31492,6.88916,0.4607,0.0173,49152,322344,1,1000,6,6000,1000,6,6000,0,0,0,0,0,0,0,0.224,107448
6,3,preskin,1000,1,0.04918033,13.467,2.1247,0.4616,0.03744,3.28592,6.82588,0.423,0.0126,49152,322344,1,1000,6,6000,1000,6,6000,0,0,0,0,0,0,0,0.2073,107448
7,3,baseline,1000,1,0.04918033,16.7422,2.153,0.062,0.00536,3.91224,9.65572,0,0.0201,49152,0,0,1000,6,6000,1000,6,6000,0,0,0,0.06,0.3075,214896,0,0,0
8,4,baseline,1000,1,0.06557377,17.0973,2.677,0.072,0.00724,3.88436,9.48,0,0.0206,49152,0,0,1000,6,6000,1000,6,6000,0,0,0,0.0736,0.4744,214896,0,0,0
9,4,preskin,1000,1,0.06557377,28.6539,12.4031,2.6646,0.05712,3.48272,8.86224,0.3094,0.0304,49152,322344,1,1000,6,6000,1000,6,6000,0,0,0,0,0,0,0,0.155,107448
10,5,preskin,1000,1,0.08196721,16.8261,2.9435,0.6459,0.0384,2.84692,7.5722,0.561,0.0388,49152,322344,1,1000,6,6000,1000,6,6000,0,0,0,0,0,0,0,0.2702,107448
11,5,baseline,1000,1,0.08196721,16.7205,1.2175,0.0847,0.00584,3.92676,10.48188,0,0.0283,49152,0,0,1000,6,6000,1000,6,6000,0,0,0,0.0861,0.3992,214896,0,0,0
12,6,baseline,1000,1,0.09836066,17.4083,1.6195,0.084,0.00592,4.01016,10.45604,0,0.0296,49152,0,0,1000,6,6000,1000,6,6000,0,0,0,0.0784,0.3966,214896,0,0,0
13,6,preskin,1000,1,0.09836066,13.5069,0.9772,0.6476,0.04412,3.4952,7.34684,0.5878,0.0251,49152,322344,1,1000,6,6000,1000,6,6000,0,0,0,0,0,0,0,0.2835,107448
14,7,preskin,1000,1,0.114754096,12.5747,0.453,0.558,0.0436,3.32236,7.28024,0.5042,0.0172,49152,322344,1,1000,6,6000,1000,6,6000,0,0,0,0,0,0,0,0.2518,107448
15,7,baseline,1000,1,0.114754096,15.0849,0.411,0.064,0.006,3.82012,9.8612,0,0.0163,49152,0,0,1000,6,6000,1000,6,6000,0,0,0,0.0555,0.3592,214896,0,0,0
16,8,baseline,1000,1,0.13114753,15.9077,0.4467,0.0677,0.0068,4.21336,10.18424,0,0.0106,49152,0,0,1000,6,6000,1000,6,6000,0,0,0,0.0402,0.3251,214896,0,0,0
17,8,preskin,1000,1,0.13114753,12.8247,0.4418,0.6344,0.04832,3.35848,7.42344,0.5786,0.0218,49152,322344,1,1000,6,6000,1000,6,6000,0,0,0,0,0,0,0,0.2867,107448
18,9,preskin,1000,1,0.14754099,13.1334,0.4297,1.5541,0.0434,3.39756,6.925,1.5071,0.0134,49152,322344,1,1000,6,6000,1000,6,6000,0,0,0,0,0,0,0,1.2362,107448
19,9,baseline,1000,1,0.14754099,15.584,0.4215,0.0663,0.00588,3.92016,10.2658,0,0.0165,49152,0,0,1000,6,6000,1000,6,6000,0,0,0,0.0296,0.345,214896,0,0,0
20,10,baseline,1000,1,0.16393442,16.4882,0.4571,0.0671,0.00668,4.30628,10.60716,0,0.0135,49152,0,0,1000,6,6000,1000,6,6000,0,0,0,0.0438,0.4207,214896,0,0,0
21,10,preskin,1000,1,0.16393442,12.918,0.4546,0.5761,0.04252,3.45788,6.77936,0.5241,0.0165,49152,322344,1,1000,6,6000,1000,6,6000,0,0,0,0,0,0,0,0.2594,107448
22,11,preskin,1000,1,0.18032786,12.0773,0.3727,0.5288,0.04288,3.18892,7.137,0.4633,0.029,49152,322344,1,1000,6,6000,1000,6,6000,0,0,0,0,0,0,0,0.237,107448
23,11,baseline,1000,1,0.18032786,16.5493,0.4131,0.0774,0.00612,4.13412,10.34504,0,0.029199999999999997,49152,0,0,1000,6,6000,1000,6,6000,0,0,0,0.028,0.3533,214896,0,0,0
24,12,baseline,1000,1,0.19672132,15.1919,0.3949,0.0808,0.00576,3.85992,9.91744,0,0.0315,49152,0,0,1000,6,6000,1000,6,6000,0,0,0,0.0326,0.3873,214896,0,0,0
25,12,preskin,1000,1,0.19672132,12.8084,0.4456,0.6144,0.04604,3.49904,7.2648,0.5395,0.0399,49152,322344,1,1000,6,6000,1000,6,6000,0,0,0,0,0,0,0,0.2737,107448
26,13,preskin,1000,1,0.21311475,13.4281,0.3998,0.6925,0.04368,3.45644,7.77528,0.6418,0.0123,49152,322344,1,1000,6,6000,1000,6,6000,0,0,0,0,0,0,0,0.3534,107448
27,13,baseline,1000,1,0.21311475,16.2569,0.4111,0.0673,0.00588,3.96216,10.84888,0,0.0179,49152,0,0,1000,6,6000,1000,6,6000,0,0,0,0.0507,0.3558,214896,0,0,0
28,14,baseline,1000,1,0.22950819,19.047,0.4556,3.9855,0.00732,3.56756,10.09256,0,0.0349,49152,0,0,1000,6,6000,1000,6,6000,0,0,0,0.0513,0.3392,214896,0,0,0
29,14,preskin,1000,1,0.22950819,12.9538,0.4593,0.4546,0.04764,3.53284,7.5622,0.4166,0.0292,49152,322344,1,1000,6,6000,1000,6,6000,0,0,0,0,0,0,0,0.1332,107448
30,15,preskin,1000,1,0.24590164,12.2123,0.4217,0.4124,0.04404,3.33352,7.13832,0.3925,0.012199999999999999,49152,322344,1,1000,6,6000,1000,6,6000,0,0,0,0,0,0,0,0.1174,107448
31,15,baseline,1000,1,0.24590164,15.4644,0.4021,0.0383,0.0058,3.80892,10.13144,0,0.015899999999999997,49152,0,0,1000,6,6000,1000,6,6000,0,0,0,0.0281,0.3579,214896,0,0,0
32,16,baseline,1000,1,0.26229507,16.128,0.443,0.0521,0.00668,4.30316,10.39968,0,0.0259,49152,0,0,1000,6,6000,1000,6,6000,0,0,0,0.047,0.2898,214896,0,0,0
33,16,preskin,1000,1,0.26229507,13.0757,0.4625,0.4273,0.04792,3.83108,7.43852,0.4062,0.0127,49152,322344,1,1000,6,6000,1000,6,6000,0,0,0,0,0,0,0,0.1286,107448
34,17,preskin,1000,1,0.27868852,12.399,0.3902,0.4158,0.04288,3.28356,7.39908,0.3959,0.0127,49152,322344,1,1000,6,6000,1000,6,6000,0,0,0,0,0,0,0,0.112,107448
35,17,baseline,1000,1,0.27868852,15.8886,0.4243,0.0384,0.00592,4.03724,10.43756,0,0.0143,49152,0,0,1000,6,6000,1000,6,6000,0,0,0,0.0397,0.3376,214896,0,0,0
36,18,baseline,1000,1,0.29508197,16.7931,0.4741,0.0448,0.00652,4.53672,10.70012,0,0.0183,49152,0,0,1000,6,6000,1000,6,6000,0,0,0,0.0345,0.329,214896,0,0,0
37,18,preskin,1000,1,0.29508197,12.8879,0.4324,0.5487,0.04732,4.11064,6.93784,0.5079,0.0327,49152,322344,1,1000,6,6000,1000,6,6000,0,0,0,0,0,0,0,0.1954,107448
38,19,preskin,1000,1,0.3114754,12.6061,0.4005,0.4178,0.04712,3.3904,7.42924,0.3605,0.0273,49152,322344,1,1000,6,6000,1000,6,6000,0,0,0,0,0,0,0,0.1134,107448
39,19,baseline,1000,1,0.3114754,16.7301,0.4211,0.0511,0.00576,4.01772,11.05088,0,0.0285,49152,0,0,1000,6,6000,1000,6,6000,0,0,0,0.0297,0.3385,214896,0,0,0
40,20,baseline,1000,1,0.32786885,17.3199,0.4528,0.0608,0.00716,4.83328,11.03716,0,0.034,49152,0,0,1000,6,6000,1000,6,6000,0,0,0,0.034,0.3754,214896,0,0,0
41,20,preskin,1000,1,0.32786885,12.1822,0.4803,0.4079,0.04272,3.27772,7.01184,0.3882,0.0118,49152,322344,1,1000,6,6000,1000,6,6000,0,0,0,0,0,0,0,0.13,107448
42,21,preskin,1000,1,0.3442623,12.2725,0.3631,0.3597,0.0388,3.05192,6.9892,0.3356,0.0106,49152,322344,1,1000,6,6000,1000,6,6000,0,0,0,0,0,0,0,0.1039,107448
43,21,baseline,1000,1,0.3442623,14.8055,0.3779,0.0372,0.00568,3.6922,9.72976,0,0.0153,49152,0,0,1000,6,6000,1000,6,6000,0,0,0,0.0516,0.3503,214896,0,0,0
44,22,baseline,1000,1,0.36065573,15.8371,0.4154,0.0439,0.00588,3.98452,10.28172,0,0.020499999999999997,49152,0,0,1000,6,6000,1000,6,6000,0,0,0,0.0509,0.4243,214896,0,0,0
45,22,preskin,1000,1,0.36065573,12.8737,0.4469,0.4302,0.04988,3.50108,7.59408,0.4091,0.0128,49152,322344,1,1000,6,6000,1000,6,6000,0,0,0,0,0,0,0,0.1335,107448
46,23,preskin,1000,1,0.37704918,12.4196,0.3991,0.3811,0.04648,3.44172,7.29292,0.3628,0.010700000000000001,49152,322344,1,1000,6,6000,1000,6,6000,0,0,0,0,0,0,0,0.1073,107448
47,23,baseline,1000,1,0.37704918,15.236,0.3966,0.0475,0.00588,3.89584,9.96884,0,0.0242,49152,0,0,1000,6,6000,1000,6,6000,0,0,0,0.0526,0.3216,214896,0,0,0
48,24,baseline,1000,1,0.39344263,17.3926,0.4886,0.0409,0.0072,4.64904,11.24992,0,0.014599999999999998,49152,0,0,1000,6,6000,1000,6,6000,0,0,0,0.0344,0.3988,214896,0,0,0
49,24,preskin,1000,1,0.39344263,20.8056,10.1941,0.214,0.05488,2.9926,6.31516,0.1904,0.0182,49152,322344,1,1000,6,6000,1000,6,6000,0,0,0,0,0,0,0,0.0609,107448
50,25,preskin,1000,1,0.40983605,12.4386,0.3845,0.3778,0.04364,3.38096,7.44044,0.3422,0.0276,49152,322344,1,1000,6,6000,1000,6,6000,0,0,0,0,0,0,0,0.1247,107448
51,25,baseline,1000,1,0.40983605,15.1389,0.3767,0.049,0.00548,3.69908,10.01936,0,0.0273,49152,0,0,1000,6,6000,1000,6,6000,0,0,0,0.0318,0.4118,214896,0,0,0
52,26,baseline,1000,1,0.4262295,16.22,0.4447,0.0565,0.00664,4.23772,10.53892,0,0.0312,49152,0,0,1000,6,6000,1000,6,6000,0,0,0,0.0351,0.3167,214896,0,0,0
53,26,preskin,1000,1,0.4262295,15.1107,0.4445,0.4316,0.04768,3.90384,9.30656,0.4101,0.0132,49152,322344,1,1000,6,6000,1000,6,6000,0,0,0,0,0,0,0,0.1486,107448
54,27,preskin,1000,1,0.44262296,12.6121,0.462,0.5414,0.0498,3.43032,7.24076,0.5112,0.0194,49152,322344,1,1000,6,6000,1000,6,6000,0,0,0,0,0,0,0,0.2326,107448
55,27,baseline,1000,1,0.44262296,15.44,0.3973,0.0578,0.00608,3.93352,10.24344,0,0.035500000000000004,49152,0,0,1000,6,6000,1000,6,6000,0,0,0,0.0457,0.3206,214896,0,0,0
56,28,baseline,1000,1,0.45901638,16.0706,0.4548,0.0431,0.00672,4.18328,10.34932,0,0.0173,49152,0,0,1000,6,6000,1000,6,6000,0,0,0,0.0373,0.3249,214896,0,0,0
57,28,preskin,1000,1,0.45901638,12.5515,0.4531,0.4241,0.04672,3.4698,7.2094,0.3938,0.0206,49152,322344,1,1000,6,6000,1000,6,6000,0,0,0,0,0,0,0,0.1187,107448
58,29,preskin,1000,1,0.47540984,12.0773,0.3942,0.3703,0.04608,3.24804,7.1232,0.3492,0.013000000000000001,49152,322344,1,1000,6,6000,1000,6,6000,0,0,0,0,0,0,0,0.1098,107448
59,29,baseline,1000,1,0.47540984,17.1914,0.4391,0.0384,0.00596,4.25368,11.40536,0,0.0127,49152,0,0,1000,6,6000,1000,6,6000,0,0,0,0.04,0.3498,214896,0,0,0
60,30,baseline,1000,1,0.4918033,16.8945,0.4821,0.0458,0.00736,4.71764,10.5804,0,0.0168,49152,0,0,1000,6,6000,1000,6,6000,0,0,0,0.036,0.3725,214896,0,0,0
61,30,preskin,1000,1,0.4918033,13.1158,0.4548,0.4031,0.04324,3.35256,7.8248,0.3766,0.0178,49152,322344,1,1000,6,6000,1000,6,6000,0,0,0,0,0,0,0,0.1418,107448
62,31,preskin,1000,1,0.5081967,12.9022,0.4413,0.417,0.04612,3.32976,7.75676,0.3914,0.016,49152,322344,1,1000,6,6000,1000,6,6000,0,0,0,0,0,0,0,0.1278,107448
63,31,baseline,1000,1,0.5081967,15.0513,0.4166,0.0422,0.0062,3.87848,9.844,0,0.0175,49152,0,0,1000,6,6000,1000,6,6000,0,0,0,0.0415,0.3613,214896,0,0,0
64,32,baseline,1000,0,0.52459013,16.7839,0.4621,0.0399,0.00684,4.18008,10.48328,0,0.0126,49152,0,0,1000,6,6000,1000,6,6000,0,0,0,0.0331,0.3637,214896,0,0,0
65,32,preskin,1000,0,0.52459013,13.8475,0.4436,0.4323,0.05632,3.8592,8.04384,0.4069,0.016300000000000002,49152,322344,1,1000,6,6000,1000,6,6000,0,0,0,0,0,0,0,0.1296,107448
66,33,preskin,1000,0,0.5409836,12.3235,0.423,0.3759,0.04636,3.41932,7.1418,0.3575,0.0108,49152,322344,1,1000,6,6000,1000,6,6000,0,0,0,0,0,0,0,0.1154,107448
67,33,baseline,1000,0,0.5409836,15.8144,0.4149,0.0371,0.00588,3.85468,10.56252,0,0.0145,49152,0,0,1000,6,6000,1000,6,6000,0,0,0,0.028,0.2885,214896,0,0,0
68,34,baseline,1000,0,0.55737704,18.9725,0.4484,0.0561,0.00716,5.79384,11.6016,0,0.0196,49152,0,0,1000,6,6000,1000,6,6000,0,0,0,0.0434,0.4683,214896,0,0,0
69,34,preskin,1000,0,0.55737704,15.6029,0.474,0.4112,0.05588,4.55484,9.08312,0.3908,0.0124,49152,322344,1,1000,6,6000,1000,6,6000,0,0,0,0,0,0,0,0.1292,107448
70,35,preskin,1000,0,0.57377046,13.7781,0.4487,0.4252,0.04464,3.52164,8.34296,0.3975,0.0188,49152,322344,1,1000,6,6000,1000,6,6000,0,0,0,0,0,0,0,0.1273,107448
71,35,baseline,1000,0,0.57377046,16.2438,0.343,0.0373,0.006,4.13148,10.69652,0,0.0131,49152,0,0,1000,6,6000,1000,6,6000,0,0,0,0.0471,0.3686,214896,0,0,0
72,36,baseline,1000,0,0.59016395,17.3819,0.3565,0.0423,0.0072,4.87696,11.20536,0,0.0174,49152,0,0,1000,6,6000,1000,6,6000,0,0,0,0.0354,0.3619,214896,0,0,0
73,36,preskin,1000,0,0.59016395,12.7815,0.3422,0.424,0.0566,3.83756,7.24904,0.4055,0.0109,49152,322344,1,1000,6,6000,1000,6,6000,0,0,0,0,0,0,0,0.1327,107448
74,37,preskin,1000,0,0.60655737,12.1194,0.2994,0.3639,0.04488,3.28044,7.19072,0.347,0.0091,49152,322344,1,1000,6,6000,1000,6,6000,0,0,0,0,0,0,0,0.1209,107448
75,37,baseline,1000,0,0.60655737,15.4207,0.3215,0.0386,0.00604,3.96176,10.0942,0,0.0154,49152,0,0,1000,6,6000,1000,6,6000,0,0,0,0.036,0.3491,214896,0,0,0
76,38,baseline,1000,0,0.6229508,15.2463,0.3402,0.0382,0.00612,4.02,9.84804,0,0.0127,49152,0,0,1000,6,6000,1000,6,6000,0,0,0,0.0321,0.3635,214896,0,0,0
77,38,preskin,1000,0,0.6229508,13.0887,0.3397,0.4269,0.04792,3.63232,7.68956,0.4064,0.012799999999999999,49152,322344,1,1000,6,6000,1000,6,6000,0,0,0,0,0,0,0,0.1317,107448
78,39,preskin,1000,0,0.6393443,13.007,0.336,0.3978,0.04544,3.3644,7.81548,0.3794,0.0109,49152,322344,1,1000,6,6000,1000,6,6000,0,0,0,0,0,0,0,0.1345,107448
79,39,baseline,1000,0,0.6393443,15.9648,0.3393,0.0526,0.00596,4.02528,10.67092,0,0.0285,49152,0,0,1000,6,6000,1000,6,6000,0,0,0,0.037,0.3356,214896,0,0,0
80,40,baseline,1000,0,0.6557377,17.5953,0.3547,0.0418,0.00716,4.9586,11.35656,0,0.0162,49152,0,0,1000,6,6000,1000,6,6000,0,0,0,0.0415,0.3812,214896,0,0,0
81,40,preskin,1000,0,0.6557377,14.3122,0.3434,0.4236,0.05648,4.35292,8.2394,0.4047,0.011200000000000002,49152,322344,1,1000,6,6000,1000,6,6000,0,0,0,0,0,0,0,0.1458,107448
82,41,preskin,1000,0,0.6721311,12.2517,0.3119,0.3838,0.04524,3.34368,7.24116,0.3668,0.009899999999999999,49152,322344,1,1000,6,6000,1000,6,6000,0,0,0,0,0,0,0,0.1164,107448
83,41,baseline,1000,0,0.6721311,16.0802,0.3053,0.0436,0.00632,4.10012,10.79768,0,0.0138,49152,0,0,1000,6,6000,1000,6,6000,0,0,0,0.0271,0.327,214896,0,0,0
84,42,baseline,1000,0,0.6885246,18.1936,0.3384,0.0371,0.00728,5.28912,11.49968,0,0.0115,49152,0,0,1000,6,6000,1000,6,6000,0,0,0,0.0345,0.4418,214896,0,0,0
85,42,preskin,1000,0,0.6885246,14.0201,0.3392,0.4191,0.05348,3.83736,7.48768,0.4,0.0111,49152,322344,1,1000,6,6000,1000,6,6000,0,0,0,0,0,0,0,0.1314,107448
86,43,preskin,1000,0,0.704918,12.056,0.3136,0.3738,0.04428,3.25988,7.17584,0.3424,0.0241,49152,322344,1,1000,6,6000,1000,6,6000,0,0,0,0,0,0,0,0.1146,107448
87,43,baseline,1000,0,0.704918,15.8482,0.2933,0.0364,0.006,3.95876,10.6924,0,0.014199999999999999,49152,0,0,1000,6,6000,1000,6,6000,0,0,0,0.0348,0.3366,214896,0,0,0
88,44,baseline,1000,0,0.72131145,17.5743,0.3391,0.0363,0.0072,4.8616,11.2326,0,0.0114,49152,0,0,1000,6,6000,1000,6,6000,0,0,0,0.0312,0.3812,214896,0,0,0
89,44,preskin,1000,0,0.72131145,13.1496,0.3654,0.4105,0.0538,3.76668,7.53112,0.3913,0.0115,49152,322344,1,1000,6,6000,1000,6,6000,0,0,0,0,0,0,0,0.1276,107448
90,45,preskin,1000,0,0.73770493,11.7212,0.3037,0.3704,0.04256,3.27764,6.76868,0.3544,0.0091,49152,322344,1,1000,6,6000,1000,6,6000,0,0,0,0,0,0,0,0.1302,107448
91,45,baseline,1000,0,0.73770493,15.786,0.285,0.0316,0.00312,4.028,10.63224,0,0.01,49152,0,0,1000,6,6000,1000,6,6000,0,0,0,0.0308,0.3819,214896,0,0,0
92,46,baseline,1000,0,0.75409836,17.468,0.352,0.0409,0.0072,5.24984,10.86708,0,0.0159,49152,0,0,1000,6,6000,1000,6,6000,0,0,0,0.0381,0.3294,214896,0,0,0
93,46,preskin,1000,0,0.75409836,12.1049,0.4469,0.6259,0.04368,3.21468,6.80528,0.6006,0.0128,49152,322344,1,1000,6,6000,1000,6,6000,0,0,0,0,0,0,0,0.2302,107448
94,47,preskin,1000,0,0.7704918,12.2478,0.3127,0.452,0.04276,3.26556,7.25192,0.4352,0.01,49152,322344,1,1000,6,6000,1000,6,6000,0,0,0,0,0,0,0,0.1394,107448
95,47,baseline,1000,0,0.7704918,15.2282,0.3134,0.0375,0.00596,3.87796,9.99328,0,0.0121,49152,0,0,1000,6,6000,1000,6,6000,0,0,0,0.0385,0.3788,214896,0,0,0
96,48,baseline,1000,0,0.78688526,16.0162,0.3385,0.0488,0.00668,4.19332,10.28172,0,0.0183,49152,0,0,1000,6,6000,1000,6,6000,0,0,0,0.0374,0.4191,214896,0,0,0
97,48,preskin,1000,0,0.78688526,12.8506,0.3525,0.544,0.04904,3.54428,7.34312,0.5195,0.0133,49152,322344,1,1000,6,6000,1000,6,6000,0,0,0,0,0,0,0,0.2084,107448
98,49,preskin,1000,0,0.8032787,12.1909,0.3156,0.5147,0.0438,3.3032,7.1156,0.4871,0.0165,49152,322344,1,1000,6,6000,1000,6,6000,0,0,0,0,0,0,0,0.1794,107448
99,49,baseline,1000,0,0.8032787,15.3104,0.3703,0.0426,0.0056,3.82868,10.01876,0,0.0135,49152,0,0,1000,6,6000,1000,6,6000,0,0,0,0.0399,0.3067,214896,0,0,0
100,50,baseline,1000,0,0.8196721,16.4035,0.4295,0.0641,0.00592,3.97812,10.81048,0,0.0132,49152,0,0,1000,6,6000,1000,6,6000,0,0,0,0.0428,0.6323,214896,0,0,0
101,50,preskin,1000,0,0.8196721,13.6313,0.4607,0.5403,0.05224,3.80716,7.62132,0.5137,0.0156,49152,322344,1,1000,6,6000,1000,6,6000,0,0,0,0,0,0,0,0.1851,107448
102,51,preskin,1000,0,0.8360656,11.9254,0.3394,0.5305,0.04576,3.27476,6.8614,0.5053,0.014700000000000001,49152,322344,1,1000,6,6000,1000,6,6000,0,0,0,0,0,0,0,0.1913,107448
103,51,baseline,1000,0,0.8360656,15.4335,0.3254,0.0526,0.00604,3.96008,10.14228,0,0.0236,49152,0,0,1000,6,6000,1000,6,6000,0,0,0,0.0443,0.3176,214896,0,0,0
104,52,baseline,1000,0,0.852459,15.7052,0.3394,0.0502,0.00648,4.08392,10.27304,0,0.0183,49152,0,0,1000,6,6000,1000,6,6000,0,0,0,0.0624,0.4483,214896,0,0,0
105,52,preskin,1000,0,0.852459,12.7394,0.3409,0.5316,0.04636,3.48068,7.2612,0.5081,0.0122,49152,322344,1,1000,6,6000,1000,6,6000,0,0,0,0,0,0,0,0.1939,107448
106,53,preskin,1000,0,0.86885244,12.416,0.3446,0.5739,0.03888,3.01216,6.76448,0.551,0.0117,49152,322344,1,1000,6,6000,1000,6,6000,0,0,0,0,0,0,0,0.2249,107448
107,53,baseline,1000,0,0.86885244,15.2783,0.2905,0.0391,0.00612,3.86276,10.10192,0,0.0142,49152,0,0,1000,6,6000,1000,6,6000,0,0,0,0.0312,0.284,214896,0,0,0
108,54,baseline,1000,0,0.8852459,15.9124,0.3386,0.0494,0.00608,4.14844,10.20528,0,0.0182,49152,0,0,1000,6,6000,1000,6,6000,0,0,0,0.0402,0.4616,214896,0,0,0
109,54,preskin,1000,0,0.8852459,12.5656,0.3421,0.5345,0.04556,3.40988,7.13592,0.5066,0.0168,49152,322344,1,1000,6,6000,1000,6,6000,0,0,0,0,0,0,0,0.1916,107448
110,55,preskin,1000,0,0.90163934,11.563,0.2869,0.4684,0.04332,3.14092,6.76016,0.4495,0.01,49152,322344,1,1000,6,6000,1000,6,6000,0,0,0,0,0,0,0,0.1759,107448
111,55,baseline,1000,0,0.90163934,15.1415,0.2972,0.0396,0.00588,3.96612,9.90416,0,0.0129,49152,0,0,1000,6,6000,1000,6,6000,0,0,0,0.0261,0.3302,214896,0,0,0
112,56,baseline,1000,0,0.91803277,15.3229,0.3376,0.0443,0.0062,4.09792,9.87236,0,0.0139,49152,0,0,1000,6,6000,1000,6,6000,0,0,0,0.0376,0.3662,214896,0,0,0
113,56,preskin,1000,0,0.91803277,12.0806,0.3461,0.5297,0.04424,3.2166,6.9378,0.509,0.011200000000000002,49152,322344,1,1000,6,6000,1000,6,6000,0,0,0,0,0,0,0,0.192,107448
114,57,preskin,1000,0,0.93442625,12.5086,0.4144,0.5858,0.045,3.26756,7.32856,0.5615,0.0111,49152,322344,1,1000,6,6000,1000,6,6000,0,0,0,0,0,0,0,0.2199,107448
115,57,baseline,1000,0,0.93442625,16.4246,0.336,0.0458,0.00604,4.21948,10.7728,0,0.0156,49152,0,0,1000,6,6000,1000,6,6000,0,0,0,0.0442,0.3188,214896,0,0,0
116,58,baseline,1000,0,0.9508197,15.9639,0.3428,0.0497,0.00652,4.31848,10.26092,0,0.0183,49152,0,0,1000,6,6000,1000,6,6000,0,0,0,0.0384,0.3144,214896,0,0,0
117,58,preskin,1000,0,0.9508197,11.5819,0.46,0.5826,0.04104,3.1212,6.45668,0.5595,0.0116,49152,322344,1,1000,6,6000,1000,6,6000,0,0,0,0,0,0,0,0.2129,107448
118,59,preskin,1000,0,0.9672131,12.0717,0.3437,0.4507,0.04132,3.19492,7.0752,0.429,0.0152,49152,322344,1,1000,6,6000,1000,6,6000,0,0,0,0,0,0,0,0.1637,107448
119,59,baseline,1000,0,0.9672131,15,0.297,0.0423,0.00588,3.8088,9.88044,0,0.015899999999999997,49152,0,0,1000,6,6000,1000,6,6000,0,0,0,0.0354,0.336,214896,0,0,0
120,60,baseline,1000,0,0.9836066,15.8959,0.3485,0.0505,0.00616,4.21428,10.14368,0,0.0184,49152,0,0,1000,6,6000,1000,6,6000,0,0,0,0.0398,0.4008,214896,0,0,0
121,60,preskin,1000,0,0.9836066,11.9006,0.3312,0.5131,0.04228,3.19704,6.82476,0.4911,0.0116,49152,322344,1,1000,6,6000,1000,6,6000,0,0,0,0,0,0,0,0.1998,107448
122,61,preskin,1000,0,1,11.6163,0.2963,0.5388,0.04328,3.08984,6.70348,0.5145,0.015,49152,322344,1,1000,6,6000,1000,6,6000,0,0,0,0,0,0,0,0.1675,107448
123,61,baseline,1000,0,1,14.3859,0.2842,0.0433,0.00568,3.69452,9.3848,0,0.0167,49152,0,0,1000,6,6000,1000,6,6000,0,0,0,0.0296,0.3257,214896,0,0,0
124,62,baseline,1000,0,0,15.5288,0.3753,0.0441,0.00624,4.1006,10.0404,0,0.0133,49152,0,0,1000,6,6000,1000,6,6000,0,0,0,0.0357,0.3594,214896,0,0,0
125,62,preskin,1000,0,0,12.8111,0.3389,0.6156,0.04404,3.42984,7.3184,0.5921,0.012,49152,322344,1,1000,6,6000,1000,6,6000,0,0,0,0,0,0,0,0.2269,107448
126,63,preskin,1000,0,0.016393442,13.0714,0.4104,0.501,0.0444,3.34088,7.69188,0.4584,0.0327,49152,322344,1,1000,6,6000,1000,6,6000,0,0,0,0,0,0,0,0.1744,107448
127,63,baseline,1000,0,0.016393442,16.9335,0.4013,0.0544,0.00536,3.50548,9.97664,0,0.022699999999999998,49152,0,0,1000,6,6000,1000,6,6000,0,0,0,0.039,0.3712,214896,0,0,0
128,64,baseline,1000,0,0.032786883,15.7641,0.4294,0.0538,0.00648,3.85136,9.90356,0,0.0206,49152,0,0,1000,6,6000,1000,6,6000,0,0,0,0.0626,0.396,214896,0,0,0
129,64,preskin,1000,0,0.032786883,14.0118,0.3471,0.5617,0.05596,4.01432,7.8798,0.5342,0.016,49152,322344,1,1000,6,6000,1000,6,6000,0,0,0,0,0,0,0,0.2326,107448
130,65,preskin,1000,0,0.04918033,12.2161,0.3312,0.5272,0.04348,3.28996,7.04784,0.4984,0.0179,49152,322344,1,1000,6,6000,1000,6,6000,0,0,0,0,0,0,0,0.1934,107448
131,65,baseline,1000,0,0.04918033,15.4598,0.2645,0.0376,0.00572,3.69996,10.4802,0,0.0145,49152,0,0,1000,6,6000,1000,6,6000,0,0,0,0.0299,0.3192,214896,0,0,0
132,66,baseline,1000,0,0.06557377,16.171,0.3403,0.0482,0.00608,4.14308,10.54608,0,0.0174,49152,0,0,1000,6,6000,1000,6,6000,0,0,0,0.0371,0.4056,214896,0,0,0
133,66,preskin,1000,0,0.06557377,13.724,0.34,0.6425,0.0554,3.96392,7.71316,0.5974,0.0338,49152,322344,1,1000,6,6000,1000,6,6000,0,0,0,0,0,0,0,0.2068,107448
134,67,preskin,1000,0,0.08196721,12.6019,0.3243,0.4908,0.0422,3.22748,7.606,0.4514,0.0291,49152,322344,1,1000,6,6000,1000,6,6000,0,0,0,0,0,0,0,0.1716,107448
135,67,baseline,1000,0,0.08196721,16.1969,0.3958,0.0402,0.006,4.19136,10.601,0,0.012400000000000001,49152,0,0,1000,6,6000,1000,6,6000,0,0,0,0.0387,0.4531,214896,0,0,0
136,68,baseline,1000,0,0.09836066,16.1448,0.3406,0.05,0.0064,4.15596,10.55064,0,0.0187,49152,0,0,1000,6,6000,1000,6,6000,0,0,0,0.0389,0.3728,214896,0,0,0
137,68,preskin,1000,0,0.09836066,13.5526,0.4141,0.6652,0.05672,3.76708,7.54028,0.6395,0.013500000000000002,49152,322344,1,1000,6,6000,1000,6,6000,0,0,0,0,0,0,0,0.232,107448
138,69,preskin,1000,0,0.114754096,12.3951,0.3193,0.532,0.04356,3.24544,7.28748,0.5059,0.0158,49152,322344,1,1000,6,6000,1000,6,6000,0,0,0,0,0,0,0,0.1928,107448
139,69,baseline,1000,0,0.114754096,15.3711,0.3063,0.0437,0.00584,3.93748,10.1066,0,0.0159,49152,0,0,1000,6,6000,1000,6,6000,0,0,0,0.0299,0.3849,214896,0,0,0
140,70,baseline,1000,0,0.13114753,16.215,0.3507,0.0511,0.00612,4.17216,10.59148,0,0.020399999999999998,49152,0,0,1000,6,6000,1000,6,6000,0,0,0,0.0359,0.4391,214896,0,0,0
141,70,preskin,1000,0,0.13114753,12.4531,0.4737,0.6626,0.04608,3.25744,7.11576,0.6405,0.0114,49152,322344,1,1000,6,6000,1000,6,6000,0,0,0,0,0,0,0,0.2486,107448
142,71,preskin,1000,0,0.14754099,12.2712,0.3937,0.4925,0.044,3.23072,7.07952,0.4677,0.015,49152,322344,1,1000,6,6000,1000,6,6000,0,0,0,0,0,0,0,0.1815,107448
143,71,baseline,1000,0,0.14754099,15.6574,0.2953,0.0399,0.00612,3.81044,10.48276,0,0.015099999999999999,49152,0,0,1000,6,6000,1000,6,6000,0,0,0,0.0297,0.3259,214896,0,0,0
144,72,baseline,1000,0,0.16393442,16.0687,0.3349,0.0488,0.00616,4.01276,10.61896,0,0.0182,49152,0,0,1000,6,6000,1000,6,6000,0,0,0,0.0381,0.3315,214896,0,0,0
145,72,preskin,1000,0,0.16393442,13.5356,0.3759,0.5452,0.05756,3.90064,7.48456,0.5211,0.0129,49152,322344,1,1000,6,6000,1000,6,6000,0,0,0,0,0,0,0,0.2073,107448
146,73,preskin,1000,0,0.18032786,11.999,0.3159,0.449,0.04256,3.06396,7.1642,0.4252,0.0143,49152,322344,1,1000,6,6000,1000,6,6000,0,0,0,0,0,0,0,0.1597,107448
147,73,baseline,1000,0,0.18032786,16.3231,0.3127,0.0463,0.00604,3.99188,10.89352,0,0.0169,49152,0,0,1000,6,6000,1000,6,6000,0,0,0,0.0312,0.3652,214896,0,0,0
148,74,baseline,1000,0,0.19672132,18.613,0.34,0.0487,0.00724,5.44628,11.62144,0,0.0175,49152,0,0,1000,6,6000,1000,6,6000,0,0,0,0.0481,0.4398,214896,0,0,0
149,74,preskin,1000,0,0.19672132,14.5972,0.4737,0.7287,0.04792,3.68032,7.97596,0.6986,0.0159,49152,322344,1,1000,6,6000,1000,6,6000,0,0,0,0,0,0,0,0.2676,107448
150,75,preskin,1000,0,0.21311475,12.3865,0.3214,0.5225,0.04496,3.28268,7.26292,0.4942,0.0173,49152,322344,1,1000,6,6000,1000,6,6000,0,0,0,0,0,0,0,0.1812,107448
151,75,baseline,1000,0,0.21311475,15.6726,0.2928,0.042,0.00572,3.83856,10.49336,0,0.016,49152,0,0,1000,6,6000,1000,6,6000,0,0,0,0.0325,0.3344,214896,0,0,0
152,76,baseline,1000,0,0.22950819,15.7586,0.3393,0.0496,0.0064,4.0722,10.2488,0,0.018,49152,0,0,1000,6,6000,1000,6,6000,0,0,0,0.0366,0.3565,214896,0,0,0
153,76,preskin,1000,0,0.22950819,12.5719,0.3399,0.5351,0.0452,3.41692,7.33492,0.5117,0.0119,49152,322344,1,1000,6,6000,1000,6,6000,0,0,0,0,0,0,0,0.2068,107448
154,77,preskin,1000,0,0.24590164,12.823,0.3095,0.4691,0.0422,3.23932,7.75952,0.4435,0.015300000000000001,49152,322344,1,1000,6,6000,1000,6,6000,0,0,0,0,0,0,0,0.1699,107448
155,77,baseline,1000,0,0.24590164,15.5706,0.3112,0.0412,0.00616,4.03736,10.21176,0,0.0126,49152,0,0,1000,6,6000,1000,6,6000,0,0,0,0.036,0.3492,214896,0,0,0
156,78,baseline,1000,0,0.26229507,16.0802,0.3387,0.0482,0.00664,4.18608,10.45816,0,0.018,49152,0,0,1000,6,6000,1000,6,6000,0,0,0,0.0394,0.4044,214896,0,0,0
157,78,preskin,1000,0,0.26229507,13.0509,0.3455,0.5495,0.04804,3.42408,7.71972,0.5254,0.0127,49152,322344,1,1000,6,6000,1000,6,6000,0,0,0,0,0,0,0,0.2167,107448
158,79,preskin,1000,0,0.27868852,12.3327,0.321,0.4899,0.04224,3.22248,7.32164,0.4638,0.0154,49152,322344,1,1000,6,6000,1000,6,6000,0,0,0,0,0,0,0,0.1757,107448
159,79,baseline,1000,0,0.27868852,15.1844,0.3517,0.0391,0.00588,3.76008,10.10672,0,0.0146,49152,0,0,1000,6,6000,1000,6,6000,0,0,0,0.0294,0.3099,214896,0,0,0
160,80,baseline,1000,0,0.29508197,16.0476,0.338,0.0475,0.00684,4.26312,10.3962,0,0.0171,49152,0,0,1000,6,6000,1000,6,6000,0,0,0,0.0367,0.3326,214896,0,0,0
161,80,preskin,1000,0,0.29508197,12.2594,0.3419,0.5433,0.0472,3.32096,7.1292,0.5233,0.0088,49152,322344,1,1000,6,6000,1000,6,6000,0,0,0,0,0,0,0,0.2155,107448
162,81,preskin,1000,0,0.3114754,12.2025,0.3162,0.5042,0.04176,3.18768,7.24168,0.4627,0.0309,49152,322344,1,1000,6,6000,1000,6,6000,0,0,0,0,0,0,0,0.149,107448
163,81,baseline,1000,0,0.3114754,15.2671,0.3185,0.0424,0.00628,3.95872,9.96948,0,0.016,49152,0,0,1000,6,6000,1000,6,6000,0,0,0,0.0418,0.343,214896,0,0,0
164,82,baseline,1000,0,0.32786885,15.9869,0.34,0.0474,0.00596,4.10704,10.41832,0,0.0173,49152,0,0,1000,6,6000,1000,6,6000,0,0,0,0.0445,0.4543,214896,0,0,0
165,82,preskin,1000,0,0.32786885,12.654,0.3414,0.542,0.04468,3.35768,7.05844,0.5185,0.0126,49152,322344,1,1000,6,6000,1000,6,6000,0,0,0,0,0,0,0,0.2082,107448
166,83,preskin,1000,0,0.3442623,11.7233,0.289,0.4593,0.04284,3.19888,6.876,0.4325,0.016399999999999998,49152,322344,1,1000,6,6000,1000,6,6000,0,0,0,0,0,0,0,0.1642,107448
167,83,baseline,1000,0,0.3442623,15.1459,0.2792,0.0394,0.00556,3.67476,10.10632,0,0.014700000000000001,49152,0,0,1000,6,6000,1000,6,6000,0,0,0,0.0338,0.3793,214896,0,0,0
168,84,baseline,1000,0,0.36065573,16.0487,0.3412,0.0514,0.00624,4.27172,10.30968,0,0.0199,49152,0,0,1000,6,6000,1000,6,6000,0,0,0,0.0429,0.3921,214896,0,0,0
169,84,preskin,1000,0,0.36065573,12.8364,0.3425,0.5095,0.04428,3.48412,7.45816,0.4873,0.011699999999999999,49152,322344,1,1000,6,6000,1000,6,6000,0,0,0,0,0,0,0,0.1915,107448
170,85,preskin,1000,0,0.37704918,12.5958,0.3083,0.492,0.0394,3.089,6.98624,0.4654,0.0162,49152,322344,1,1000,6,6000,1000,6,6000,0,0,0,0,0,0,0,0.1762,107448
171,85,baseline,1000,0,0.37704918,15.7698,0.297,0.043,0.0058,3.9742,10.49304,0,0.0162,49152,0,0,1000,6,6000,1000,6,6000,0,0,0,0.034,0.3155,214896,0,0,0
172,86,baseline,1000,0,0.39344263,15.2497,0.3465,0.0465,0.00668,3.9796,9.92028,0,0.0172,49152,0,0,1000,6,6000,1000,6,6000,0,0,0,0.0399,0.3562,214896,0,0,0
173,86,preskin,1000,0,0.39344263,12.2123,0.3336,0.5244,0.04832,3.33272,7.10052,0.5036,0.0095,49152,322344,1,1000,6,6000,1000,6,6000,0,0,0,0,0,0,0,0.2068,107448
174,87,preskin,1000,0,0.40983605,11.6159,0.3001,0.4602,0.04228,3.1734,6.76696,0.4432,0.0077,49152,322344,1,1000,6,6000,1000,6,6000,0,0,0,0,0,0,0,0.1708,107448
175,87,baseline,1000,0,0.40983605,15.4427,0.2897,0.0418,0.00576,3.86128,10.28168,0,0.015899999999999997,49152,0,0,1000,6,6000,1000,6,6000,0,0,0,0.0286,0.2707,214896,0,0,0
176,88,baseline,1000,0,0.4262295,16.439,0.3364,0.0513,0.0064,4.23928,10.84408,0,0.0193,49152,0,0,1000,6,6000,1000,6,6000,0,0,0,0.0432,0.3505,214896,0,0,0
177,88,preskin,1000,0,0.4262295,13.2575,0.3565,0.5259,0.04768,3.64172,7.59552,0.499,0.015200000000000002,49152,322344,1,1000,6,6000,1000,6,6000,0,0,0,0,0,0,0,0.1913,107448
178,89,preskin,1000,0,0.44262296,12.2191,0.3102,0.5235,0.04592,3.2198,7.26432,0.4978,0.0155,49152,322344,1,1000,6,6000,1000,6,6000,0,0,0,0,0,0,0,0.1986,107448
179,89,baseline,1000,0,0.44262296,15.6592,0.3011,0.043,0.00588,3.9894,10.33768,0,0.016399999999999998,49152,0,0,1000,6,6000,1000,6,6000,0,0,0,0.041,0.4744,214896,0,0,0
180,90,baseline,1000,0,0.45901638,15.5235,0.3383,0.0487,0.00644,4.01052,10.1392,0,0.018000000000000002,49152,0,0,1000,6,6000,1000,6,6000,0,0,0,0.0483,0.4623,214896,0,0,0
181,90,preskin,1000,0,0.45901638,13.1074,0.3421,0.5557,0.04768,3.60504,7.51404,0.5318,0.0124,49152,322344,1,1000,6,6000,1000,6,6000,0,0,0,0,0,0,0,0.2184,107448
182,91,preskin,1000,0,0.47540984,12.2889,0.2976,0.496,0.04456,3.26616,7.31968,0.4708,0.0157,49152,322344,1,1000,6,6000,1000,6,6000,0,0,0,0,0,0,0,0.172,107448
183,91,baseline,1000,0,0.47540984,15.4326,0.3001,0.0422,0.00588,3.88044,10.1812,0,0.0155,49152,0,0,1000,6,6000,1000,6,6000,0,0,0,0.0319,0.3125,214896,0,0,0
184,92,baseline,1000,0,0.4918033,16.4457,0.3434,0.0479,0.0062,4.11672,10.51412,0,0.018,49152,0,0,1000,6,6000,1000,6,6000,0,0,0,0.0386,0.3765,214896,0,0,0
185,92,preskin,1000,0,0.4918033,12.021,0.4824,0.6005,0.0414,3.1236,6.86568,0.5754,0.0133,49152,322344,1,1000,6,6000,1000,6,6000,0,0,0,0,0,0,0,0.2151,107448
186,93,preskin,1000,0,0.5081967,12.614,0.3078,0.4918,0.04528,3.2562,7.60828,0.4639,0.0171,49152,322344,1,1000,6,6000,1000,6,6000,0,0,0,0,0,0,0,0.1797,107448
187,93,baseline,1000,0,0.5081967,15.4735,0.3095,0.0641,0.00588,3.92728,10.27904,0,0.0174,49152,0,0,1000,6,6000,1000,6,6000,0,0,0,0.0323,0.32,214896,0,0,0
188,94,baseline,1000,0,0.52459013,15.4891,0.3467,0.0438,0.00632,3.94696,9.99296,0,0.0125,49152,0,0,1000,6,6000,1000,6,6000,0,0,0,0.0453,0.3925,214896,0,0,0
189,94,preskin,1000,0,0.52459013,12.421,0.3464,0.5107,0.04404,3.33424,7.1216,0.4886,0.0119,49152,322344,1,1000,6,6000,1000,6,6000,0,0,0,0,0,0,0,0.1861,107448
190,95,preskin,1000,0,0.5409836,11.8076,0.4154,0.5909,0.0448,3.1306,6.78364,0.5701,0.0096,49152,322344,1,1000,6,6000,1000,6,6000,0,0,0,0,0,0,0,0.1966,107448
191,95,baseline,1000,0,0.5409836,15.032,0.2932,0.0406,0.00604,3.87052,9.93516,0,0.0149,49152,0,0,1000,6,6000,1000,6,6000,0,0,0,0.026,0.3254,214896,0,0,0
