frame,pair,mode,count,warmup,normalized_time,total_sync_ms,submission_cpu_ms,prep_cpu_ms,prep_gpu_interval_ms,shadow_gpu_ms,main_gpu_ms,preskin_cpu_upload_ms,texture_upload_cpu_ms,texture_upload_bytes,geometry_upload_bytes,preskin_calls,main_instances,main_draws,main_mesh_instances,shadow_instances,shadow_draws,shadow_mesh_instances,alloc_bytes,gen0,gen1,restore_submit_ms,restore_drain_ms,restore_bytes,restore_alloc_bytes
0,0,baseline,5000,1,0,131.677,14.0951,2.3156,0.00784,26.2112,48.09508,0,0.4087,180224,0,0,5000,6,30000,5000,6,30000,1136936,0,0,0.2512,0.8422,214896,40
1,0,preskin,5000,1,0,78.8831,21.8749,2.0933,0.03764,15.10444,37.83052,0.1787,0.0464,180224,214896,1,5000,6,30000,5000,6,30000,40,0,0,0,0,0,0
2,1,preskin,5000,1,0.016393442,56.9013,5.0399,0.3171,0.03852,15.5648,34.27316,0.2315,0.0408,180224,214896,1,5000,6,30000,5000,6,30000,0,0,0,0,0,0,0
3,1,baseline,5000,1,0.016393442,80.1629,5.679,0.1044,0.00596,23.3676,48.14632,0,0.0417,180224,0,0,5000,6,30000,5000,6,30000,0,0,0,0.0828,0.452,214896,0
4,2,baseline,5000,1,0.032786883,78.8636,6.1385,0.096,0.01012,23.10612,47.94584,0,0.027200000000000002,180224,0,0,5000,6,30000,5000,6,30000,0,0,0,0.0662,0.3994,214896,0
5,2,preskin,5000,1,0.032786883,51.5863,2.3679,0.3478,0.03916,16.18968,31.0868,0.2697,0.0237,180224,214896,1,5000,6,30000,5000,6,30000,0,0,0,0,0,0,0
6,3,preskin,5000,1,0.04918033,52.4896,1.5399,0.2911,0.02664,15.85976,33.24756,0.2183,0.0263,180224,214896,1,5000,6,30000,5000,6,30000,0,0,0,0,0,0,0
7,3,baseline,5000,1,0.04918033,70.6201,1.4635,0.101,0.007,20.8542,46.59532,0,0.0395,180224,0,0,5000,6,30000,5000,6,30000,0,0,0,0.0407,0.4501,214896,0
8,4,baseline,5000,1,0.06557377,68.9817,1.6357,0.1014,0.0072,20.77176,44.84244,0,0.039,180224,0,0,5000,6,30000,5000,6,30000,0,0,0,0.0482,0.4242,214896,0
9,4,preskin,5000,1,0.06557377,49.727,1.6792,0.3113,0.03848,15.08104,31.20576,0.2245,0.0397,180224,214896,1,5000,6,30000,5000,6,30000,0,0,0,0,0,0,0
10,5,preskin,5000,1,0.08196721,57.3144,1.4582,0.2835,0.0248,15.073,37.35188,0.1981,0.034199999999999994,180224,214896,1,5000,6,30000,5000,6,30000,0,0,0,0,0,0,0
11,5,baseline,5000,1,0.08196721,75.4274,1.8246,0.1165,0.00788,23.60708,48.16904,0,0.0483,180224,0,0,5000,6,30000,5000,6,30000,0,0,0,0.0463,0.4403,214896,0
12,6,baseline,5000,1,0.09836066,74.1391,1.8578,0.1134,0.00972,22.45076,48.05432,0,0.0453,180224,0,0,5000,6,30000,5000,6,30000,0,0,0,0.0472,0.4745,214896,0
13,6,preskin,5000,1,0.09836066,48.1401,1.8666,0.4563,0.03832,15.4672,28.83568,0.2635,0.0479,180224,214896,1,5000,6,30000,5000,6,30000,0,0,0,0,0,0,0
14,7,preskin,5000,1,0.114754096,58.697,1.3477,3.0799,0.03872,15.06964,37.62032,0.1887,0.0479,180224,214896,1,5000,6,30000,5000,6,30000,0,0,0,0,0,0,0
15,7,baseline,5000,1,0.114754096,75.5849,1.814,0.111,0.00796,23.89892,48.01836,0,0.041800000000000004,180224,0,0,5000,6,30000,5000,6,30000,0,0,0,0.0438,0.4385,214896,0
16,8,baseline,5000,1,0.13114753,77.3694,1.8795,0.1328,0.00956,25.78564,47.7296,0,0.0535,180224,0,0,5000,6,30000,5000,6,30000,0,0,0,0.0494,0.466,214896,0
17,8,preskin,5000,1,0.13114753,53.3013,1.8387,0.3685,0.02996,15.99508,33.43452,0.2504,0.05,180224,214896,1,5000,6,30000,5000,6,30000,0,0,0,0,0,0,0
18,9,preskin,5000,1,0.14754099,56.8731,1.5542,0.293,0.0388,15.6814,37.78752,0.2041,0.0421,180224,214896,1,5000,6,30000,5000,6,30000,0,0,0,0,0,0,0
19,9,baseline,5000,1,0.14754099,75.2288,1.6758,0.099,0.00748,23.73124,48.12648,0,0.0395,180224,0,0,5000,6,30000,5000,6,30000,0,0,0,0.0394,0.3762,214896,0
20,10,baseline,5000,1,0.16393442,80.2031,1.8753,0.1272,0.00952,28.15496,48.17396,0,0.0564,180224,0,0,5000,6,30000,5000,6,30000,0,0,0,0.0496,0.3717,214896,0
21,10,preskin,5000,1,0.16393442,55.1591,1.8907,0.3612,0.03744,17.06392,33.58748,0.2756,0.0322,180224,214896,1,5000,6,30000,5000,6,30000,0,0,0,0,0,0,0
22,11,preskin,5000,1,0.18032786,50.682,1.5543,0.2668,0.02724,15.82304,31.78644,0.2011,0.0205,180224,214896,1,5000,6,30000,5000,6,30000,0,0,0,0,0,0,0
23,11,baseline,5000,1,0.18032786,74.0416,1.472,0.0491,0.00736,22.65556,48.29256,0,0.0153,180224,0,0,5000,6,30000,5000,6,30000,0,0,0,0.0459,0.3122,214896,0
24,12,baseline,5000,1,0.19672132,74.9575,1.94,0.0825,0.00976,24.24376,46.84504,0,0.0335,180224,0,0,5000,6,30000,5000,6,30000,0,0,0,0.0431,0.3973,214896,0
25,12,preskin,5000,1,0.19672132,54.1592,1.9906,0.3384,0.03824,17.49784,32.45116,0.2753,0.0342,180224,214896,1,5000,6,30000,5000,6,30000,0,0,0,0,0,0,0
26,13,preskin,5000,1,0.21311475,51.9415,1.5467,0.2752,0.02736,15.80964,32.53124,0.219,0.0344,180224,214896,1,5000,6,30000,5000,6,30000,0,0,0,0,0,0,0
27,13,baseline,5000,1,0.21311475,70.0028,1.4343,0.0686,0.00708,21.16004,45.77524,0,0.0332,180224,0,0,5000,6,30000,5000,6,30000,0,0,0,0.0504,0.2917,214896,0
28,14,baseline,5000,1,0.22950819,75.5098,1.6081,0.0626,0.00744,23.99308,48.19136,0,0.0239,180224,0,0,5000,6,30000,5000,6,30000,0,0,0,0.0429,0.3864,214896,0
29,14,preskin,5000,1,0.22950819,57.8577,1.8722,0.3403,0.03888,19.37168,34.50156,0.2829,0.0301,180224,214896,1,5000,6,30000,5000,6,30000,0,0,0,0,0,0,0
30,15,preskin,5000,1,0.24590164,52.924,1.7126,0.2777,0.03052,15.964,33.31284,0.2285,0.0257,180224,214896,1,5000,6,30000,5000,6,30000,0,0,0,0,0,0,0
31,15,baseline,5000,1,0.24590164,71.6816,1.4519,0.0642,0.00696,21.56332,46.96708,0,0.0281,180224,0,0,5000,6,30000,5000,6,30000,0,0,0,0.0406,0.3563,214896,0
32,16,baseline,5000,1,0.26229507,71.3201,1.5816,0.0846,0.00952,22.79356,45.40944,0,0.0363,180224,0,0,5000,6,30000,5000,6,30000,0,0,0,0.0483,0.4164,214896,0
33,16,preskin,5000,1,0.26229507,51.2483,1.6425,0.2526,0.03876,15.60144,32.28152,0.2149,0.0176,180224,214896,1,5000,6,30000,5000,6,30000,0,0,0,0,0,0,0
34,17,preskin,5000,1,0.27868852,50.8579,1.7657,0.2448,0.03836,15.17708,32.2822,0.2049,0.0211,180224,214896,1,5000,6,30000,5000,6,30000,0,0,0,0,0,0,0
35,17,baseline,5000,1,0.27868852,80.1977,11.4633,0.0509,0.01,19.7708,47.3854,0,0.0171,180224,0,0,5000,6,30000,5000,6,30000,0,0,0,0.0372,0.2978,214896,0
36,18,baseline,5000,1,0.29508197,73.1509,1.6414,0.0772,0.0072,21.37744,48.36684,0,0.026600000000000002,180224,0,0,5000,6,30000,5000,6,30000,0,0,0,0.0462,0.4018,214896,0
37,18,preskin,5000,1,0.29508197,57.4769,1.923,0.3821,0.038,16.11084,37.0848,0.3182,0.0305,180224,214896,1,5000,6,30000,5000,6,30000,0,0,0,0,0,0,0
38,19,preskin,5000,1,0.3114754,55.904,1.7664,0.343,0.03876,15.06728,36.93756,0.2774,0.033299999999999996,180224,214896,1,5000,6,30000,5000,6,30000,0,0,0,0,0,0,0
39,19,baseline,5000,1,0.3114754,74.038,1.6265,0.0733,0.00716,22.30464,48.39952,0,0.0314,180224,0,0,5000,6,30000,5000,6,30000,0,0,0,0.1379,0.5607,214896,0
40,20,baseline,5000,1,0.32786885,79.6623,1.9228,0.0965,0.00968,26.9698,48.49672,0,0.0363,180224,0,0,5000,6,30000,5000,6,30000,0,0,0,0.0479,0.3667,214896,0
41,20,preskin,5000,1,0.32786885,53.9711,2.4657,0.3834,0.03968,15.5142,33.72444,0.3103,0.0332,180224,214896,1,5000,6,30000,5000,6,30000,0,0,0,0,0,0,0
42,21,preskin,5000,1,0.3442623,53.6287,2.0097,0.3457,0.03716,15.12316,34.00948,0.2816,0.0356,180224,214896,1,5000,6,30000,5000,6,30000,0,0,0,0,0,0,0
43,21,baseline,5000,1,0.3442623,70.0927,1.6607,0.0882,0.0454,20.50504,46.03056,0,0.0314,180224,0,0,5000,6,30000,5000,6,30000,0,0,0,0.0735,0.4115,214896,0
44,22,baseline,5000,1,0.36065573,69.5861,1.7422,0.0769,0.00732,20.86488,45.23432,0,0.0314,180224,0,0,5000,6,30000,5000,6,30000,0,0,0,0.0689,0.3996,214896,0
45,22,preskin,5000,1,0.36065573,53.2394,1.9836,0.3662,0.0694,15.16448,33.79876,0.3077,0.0246,180224,214896,1,5000,6,30000,5000,6,30000,0,0,0,0,0,0,0
46,23,preskin,5000,1,0.37704918,52.5112,1.5238,0.3504,0.03816,15.64828,33.192,0.2934,0.029400000000000003,180224,214896,1,5000,6,30000,5000,6,30000,0,0,0,0,0,0,0
47,23,baseline,5000,1,0.37704918,75.4499,1.4819,0.0716,0.00652,23.50004,48.45216,0,0.0288,180224,0,0,5000,6,30000,5000,6,30000,0,0,0,0.0662,0.3631,214896,0
48,24,baseline,5000,1,0.39344263,82.2269,1.9141,0.0999,0.0098,29.41408,48.51012,0,0.0382,180224,0,0,5000,6,30000,5000,6,30000,0,0,0,0.0814,0.4531,214896,0
49,24,preskin,5000,1,0.39344263,56.4857,2.7326,0.5439,0.04008,17.081,33.90736,0.4661,0.0355,180224,214896,1,5000,6,30000,5000,6,30000,0,0,0,0,0,0,0
50,25,preskin,5000,1,0.40983605,52.9448,1.5932,0.3269,0.03848,15.73688,33.63484,0.2695,0.0296,180224,214896,1,5000,6,30000,5000,6,30000,0,0,0,0,0,0,0
51,25,baseline,5000,1,0.40983605,71.2124,1.5036,0.0778,0.00696,21.4836,46.32508,0,0.0335,180224,0,0,5000,6,30000,5000,6,30000,0,0,0,0.0795,0.318,214896,0
52,26,baseline,5000,1,0.4262295,69.7514,1.5794,0.0794,0.00976,21.22732,45.11208,0,0.0323,180224,0,0,5000,6,30000,5000,6,30000,0,0,0,0.0838,0.6146,214896,0
53,26,preskin,5000,1,0.4262295,50.2733,2.3482,0.3624,0.034,15.01756,30.9514,0.3088,0.0216,180224,214896,1,5000,6,30000,5000,6,30000,0,0,0,0,0,0,0
54,27,preskin,5000,1,0.44262296,53.8083,1.8956,0.3147,0.073,15.09124,34.87644,0.264,0.0221,180224,214896,1,5000,6,30000,5000,6,30000,0,0,0,0,0,0,0
55,27,baseline,5000,1,0.44262296,74.5279,1.5423,0.0736,0.00704,22.42388,48.36692,0,0.027999999999999997,180224,0,0,5000,6,30000,5000,6,30000,0,0,0,0.0729,0.4403,214896,0
56,28,baseline,5000,1,0.45901638,72.5394,1.7351,0.0769,0.00736,21.31088,47.69916,0,0.0283,180224,0,0,5000,6,30000,5000,6,30000,0,0,0,0.0689,0.4102,214896,0
57,28,preskin,5000,1,0.45901638,53.7147,2.2379,0.4194,0.03852,15.60684,33.79608,0.3379,0.030699999999999998,180224,214896,1,5000,6,30000,5000,6,30000,0,0,0,0,0,0,0
58,29,preskin,5000,1,0.47540984,54.3045,1.8087,0.3991,0.0382,15.22844,35.03308,0.328,0.0329,180224,214896,1,5000,6,30000,5000,6,30000,0,0,0,0,0,0,0
59,29,baseline,5000,1,0.47540984,74.5147,1.6298,0.0723,0.00972,22.48152,48.33456,0,0.0258,180224,0,0,5000,6,30000,5000,6,30000,0,0,0,0.097,0.4469,214896,0
60,30,baseline,5000,1,0.4918033,82.1936,1.9472,0.1219,0.00964,29.38036,48.46396,0,0.0604,180224,0,0,5000,6,30000,5000,6,30000,0,0,0,0.0632,0.45,214896,0
61,30,preskin,5000,1,0.4918033,52.4241,1.9025,0.4022,0.03936,16.66264,31.44284,0.3296,0.0348,180224,214896,1,5000,6,30000,5000,6,30000,0,0,0,0,0,0,0
62,31,preskin,5000,1,0.5081967,53.788,1.5563,0.3123,0.03908,15.745,34.34372,0.2494,0.025500000000000002,180224,214896,1,5000,6,30000,5000,6,30000,0,0,0,0,0,0,0
63,31,baseline,5000,1,0.5081967,77.0347,1.6055,0.078,0.00704,25.10024,48.2864,0,0.0329,180224,0,0,5000,6,30000,5000,6,30000,0,0,0,0.0552,0.4104,214896,0
64,32,baseline,5000,0,0.52459013,71.7935,1.724,0.1089,0.01024,20.0334,47.47196,0,0.048799999999999996,180224,0,0,5000,6,30000,5000,6,30000,0,0,0,0.063,0.4705,214896,0
65,32,preskin,5000,0,0.52459013,52.5884,2.0339,0.3499,0.03832,15.5126,32.8238,0.2829,0.0341,180224,214896,1,5000,6,30000,5000,6,30000,0,0,0,0,0,0,0
66,33,preskin,5000,0,0.5409836,52.3627,1.5534,0.2962,0.02648,15.14404,33.644,0.2404,0.0291,180224,214896,1,5000,6,30000,5000,6,30000,0,0,0,0,0,0,0
67,33,baseline,5000,0,0.5409836,73.1832,1.5409,0.0725,0.00696,21.35316,48.32792,0,0.0246,180224,0,0,5000,6,30000,5000,6,30000,0,0,0,0.0503,0.474,214896,0
68,34,baseline,5000,0,0.55737704,81.7236,1.7073,0.0955,0.00968,29.42148,48.35984,0,0.0341,180224,0,0,5000,6,30000,5000,6,30000,0,0,0,0.0497,0.4309,214896,0
69,34,preskin,5000,0,0.55737704,51.9242,2.4358,0.4947,0.0384,16.0454,31.15844,0.4057,0.0403,180224,214896,1,5000,6,30000,5000,6,30000,0,0,0,0,0,0,0
70,35,preskin,5000,0,0.57377046,50.8536,1.9798,0.32,0.038,15.29432,31.70688,0.273,0.0164,180224,214896,1,5000,6,30000,5000,6,30000,0,0,0,0,0,0,0
71,35,baseline,5000,0,0.57377046,68.1098,1.5112,0.0601,0.00688,20.01504,44.8696,0,0.0187,180224,0,0,5000,6,30000,5000,6,30000,0,0,0,0.0437,0.321,214896,0
72,36,baseline,5000,0,0.59016395,70.058,1.5405,0.0762,0.00976,20.01256,46.60956,0,0.026199999999999998,180224,0,0,5000,6,30000,5000,6,30000,0,0,0,0.044,0.3877,214896,0
73,36,preskin,5000,0,0.59016395,51.9721,1.8892,0.3523,0.03816,15.53176,32.52552,0.2887,0.0309,180224,214896,1,5000,6,30000,5000,6,30000,0,0,0,0,0,0,0
74,37,preskin,5000,0,0.60655737,53.801,1.4004,0.2919,0.02652,15.45048,35.0664,0.2398,0.0276,180224,214896,1,5000,6,30000,5000,6,30000,0,0,0,0,0,0,0
75,37,baseline,5000,0,0.60655737,74.2562,1.5097,0.0562,0.0076,22.66632,48.31308,0,0.0191,180224,0,0,5000,6,30000,5000,6,30000,0,0,0,0.042,0.3873,214896,0
76,38,baseline,5000,0,0.6229508,76.156,1.7574,0.0942,0.00976,24.86828,47.25672,0,0.0352,180224,0,0,5000,6,30000,5000,6,30000,0,0,0,0.0496,0.384,214896,0
77,38,preskin,5000,0,0.6229508,53.8207,1.6997,0.4074,0.0384,16.26068,33.41204,0.3229,0.0345,180224,214896,1,5000,6,30000,5000,6,30000,0,0,0,0,0,0,0
78,39,preskin,5000,0,0.6393443,49.5064,1.4422,0.2933,0.026,15.53864,30.60032,0.2414,0.0257,180224,214896,1,5000,6,30000,5000,6,30000,0,0,0,0,0,0,0
79,39,baseline,5000,0,0.6393443,70.4915,1.3726,0.0636,0.00688,21.66072,45.74672,0,0.0228,180224,0,0,5000,6,30000,5000,6,30000,0,0,0,0.0453,0.4724,214896,0
80,40,baseline,5000,0,0.6557377,71.4686,1.5036,0.0712,0.00696,19.76776,48.27656,0,0.0264,180224,0,0,5000,6,30000,5000,6,30000,0,0,0,0.0463,0.4153,214896,0
81,40,preskin,5000,0,0.6557377,62.7199,2.1068,0.433,0.03876,21.51348,36.66744,0.3367,0.0592,180224,214896,1,5000,6,30000,5000,6,30000,0,0,0,0,0,0,0
82,41,preskin,5000,0,0.6721311,55.3468,2.2924,0.3503,0.03912,15.87404,35.22,0.2987,0.0206,180224,214896,1,5000,6,30000,5000,6,30000,0,0,0,0,0,0,0
83,41,baseline,5000,0,0.6721311,73.3504,1.8173,0.0719,0.00956,21.70288,48.14212,0,0.0242,180224,0,0,5000,6,30000,5000,6,30000,0,0,0,0.0457,0.3689,214896,0
84,42,baseline,5000,0,0.6885246,71.3491,1.7329,0.075,0.00752,20.80056,46.7808,0,0.0237,180224,0,0,5000,6,30000,5000,6,30000,0,0,0,0.0466,0.4574,214896,0
85,42,preskin,5000,0,0.6885246,52.0158,1.6331,0.3176,0.03692,15.38024,32.53744,0.257,0.0317,180224,214896,1,5000,6,30000,5000,6,30000,0,0,0,0,0,0,0
86,43,preskin,5000,0,0.704918,49.8835,1.4881,0.3214,0.03856,15.16244,30.9796,0.2626,0.0298,180224,214896,1,5000,6,30000,5000,6,30000,0,0,0,0,0,0,0
87,43,baseline,5000,0,0.704918,73.5416,1.4877,0.0774,0.0072,22.99016,46.93252,0,0.030600000000000002,180224,0,0,5000,6,30000,5000,6,30000,0,0,0,0.0638,0.4126,214896,0
88,44,baseline,5000,0,0.72131145,71.2015,1.3945,0.075,0.00688,21.5418,46.26732,0,0.0305,180224,0,0,5000,6,30000,5000,6,30000,0,0,0,0.0482,0.4153,214896,0
89,44,preskin,5000,0,0.72131145,54.4808,1.8656,0.3341,0.03856,15.3476,34.8298,0.2788,0.0263,180224,214896,1,5000,6,30000,5000,6,30000,0,0,0,0,0,0,0
90,45,preskin,5000,0,0.73770493,56.5794,2.4065,0.452,0.03904,17.02592,34.45984,0.3732,0.0376,180224,214896,1,5000,6,30000,5000,6,30000,0,0,0,0,0,0,0
91,45,baseline,5000,0,0.73770493,72.5878,1.6046,0.0841,0.007,23.57176,45.3592,0,0.0335,180224,0,0,5000,6,30000,5000,6,30000,0,0,0,0.0545,0.3853,214896,0
92,46,baseline,5000,0,0.75409836,68.8938,1.4195,0.0747,0.00972,20.70652,44.7518,0,0.0279,180224,0,0,5000,6,30000,5000,6,30000,0,0,0,0.042,0.4588,214896,0
93,46,preskin,5000,0,0.75409836,52.8423,1.7016,0.3217,0.02872,15.28416,33.6364,0.2695,0.0228,180224,214896,1,5000,6,30000,5000,6,30000,0,0,0,0,0,0,0
94,47,preskin,5000,0,0.7704918,49.7634,1.5145,0.3246,0.03888,15.0432,31.17348,0.2664,0.0287,180224,214896,1,5000,6,30000,5000,6,30000,0,0,0,0,0,0,0
95,47,baseline,5000,0,0.7704918,74.9073,1.3727,0.0626,0.00732,23.15148,48.26068,0,0.0178,180224,0,0,5000,6,30000,5000,6,30000,0,0,0,0.04,0.3233,214896,0
96,48,baseline,5000,0,0.78688526,79.4353,1.8547,0.0974,0.01004,26.94076,48.26504,0,0.0377,180224,0,0,5000,6,30000,5000,6,30000,0,0,0,0.0496,0.4338,214896,0
97,48,preskin,5000,0,0.78688526,53.01,1.7277,0.3903,0.03892,15.79536,32.84128,0.3253,0.0288,180224,214896,1,5000,6,30000,5000,6,30000,0,0,0,0,0,0,0
98,49,preskin,5000,0,0.8032787,53.5452,1.4659,0.3169,0.03888,15.44528,34.2412,0.2618,0.0268,180224,214896,1,5000,6,30000,5000,6,30000,0,0,0,0,0,0,0
99,49,baseline,5000,0,0.8032787,67.9963,1.4199,0.0761,0.00984,20.65888,43.93236,0,0.0282,180224,0,0,5000,6,30000,5000,6,30000,0,0,0,0.0544,0.3744,214896,0
100,50,baseline,5000,0,0.8196721,69.8032,1.5088,0.0759,0.00952,20.38024,45.74672,0,0.0269,180224,0,0,5000,6,30000,5000,6,30000,0,0,0,0.0459,0.5058,214896,0
101,50,preskin,5000,0,0.8196721,51.4393,1.4951,0.3352,0.02724,15.4852,32.47512,0.276,0.0298,180224,214896,1,5000,6,30000,5000,6,30000,0,0,0,0,0,0,0
102,51,preskin,5000,0,0.8360656,52.2656,1.9851,0.3604,0.0386,15.73296,32.417,0.3037,0.0199,180224,214896,1,5000,6,30000,5000,6,30000,0,0,0,0,0,0,0
103,51,baseline,5000,0,0.8360656,70.5385,1.3847,0.0675,0.00708,21.84852,45.3132,0,0.0242,180224,0,0,5000,6,30000,5000,6,30000,0,0,0,0.0437,0.3559,214896,0
104,52,baseline,5000,0,0.852459,68.9352,1.5496,0.0689,0.00968,20.12572,45.39004,0,0.0224,180224,0,0,5000,6,30000,5000,6,30000,0,0,0,0.0525,0.4004,214896,0
105,52,preskin,5000,0,0.852459,53.7043,1.5811,0.3145,0.0282,15.41196,34.4918,0.2653,0.022199999999999998,180224,214896,1,5000,6,30000,5000,6,30000,0,0,0,0,0,0,0
106,53,preskin,5000,0,0.86885244,51.1322,1.4933,0.2584,0.03796,15.64152,31.64624,0.2122,0.0262,180224,214896,1,5000,6,30000,5000,6,30000,0,0,0,0,0,0,0
107,53,baseline,5000,0,0.86885244,72.8534,1.3887,0.0688,0.00736,22.71052,46.95776,0,0.0234,180224,0,0,5000,6,30000,5000,6,30000,0,0,0,0.0427,0.4773,214896,0
108,54,baseline,5000,0,0.8852459,68.9867,1.7852,0.069,0.00724,20.35896,45.10184,0,0.0192,180224,0,0,5000,6,30000,5000,6,30000,0,0,0,0.0371,0.4119,214896,0
109,54,preskin,5000,0,0.8852459,52.3224,1.6074,0.3026,0.03864,15.4706,33.159,0.254,0.0226,180224,214896,1,5000,6,30000,5000,6,30000,0,0,0,0,0,0,0
110,55,preskin,5000,0,0.90163934,52.3462,1.4451,0.3104,0.03888,15.29792,33.4894,0.2538,0.0293,180224,214896,1,5000,6,30000,5000,6,30000,0,0,0,0,0,0,0
111,55,baseline,5000,0,0.90163934,74.1045,1.4203,0.0695,0.0098,23.20156,47.37064,0,0.024100000000000003,180224,0,0,5000,6,30000,5000,6,30000,0,0,0,0.0414,0.3601,214896,0
112,56,baseline,5000,0,0.91803277,73.0518,1.4617,0.0751,0.00712,21.57384,48.02336,0,0.030000000000000002,180224,0,0,5000,6,30000,5000,6,30000,0,0,0,0.0517,0.477,214896,0
113,56,preskin,5000,0,0.91803277,50.7925,1.7293,0.3284,0.03936,15.1166,31.74712,0.268,0.0303,180224,214896,1,5000,6,30000,5000,6,30000,0,0,0,0,0,0,0
114,57,preskin,5000,0,0.93442625,50.461,1.4339,0.2946,0.02796,15.5524,31.4468,0.2453,0.0257,180224,214896,1,5000,6,30000,5000,6,30000,0,0,0,0,0,0,0
115,57,baseline,5000,0,0.93442625,70.4187,1.3751,0.0706,0.00708,20.74048,46.35464,0,0.0246,180224,0,0,5000,6,30000,5000,6,30000,0,0,0,0.0486,0.3262,214896,0
116,58,baseline,5000,0,0.9508197,72.3186,1.6665,0.0655,0.0096,20.81128,47.9106,0,0.0218,180224,0,0,5000,6,30000,5000,6,30000,0,0,0,0.0611,0.4342,214896,0
117,58,preskin,5000,0,0.9508197,56.06,2.4825,0.479,0.03956,16.50404,34.42104,0.4022,0.0279,180224,214896,1,5000,6,30000,5000,6,30000,0,0,0,0,0,0,0
118,59,preskin,5000,0,0.9672131,52.1591,2.0744,0.3333,0.03748,15.34032,32.67416,0.2806,0.0199,180224,214896,1,5000,6,30000,5000,6,30000,0,0,0,0,0,0,0
119,59,baseline,5000,0,0.9672131,75.2106,1.4083,0.0663,0.007,24.04888,47.68344,0,0.0228,180224,0,0,5000,6,30000,5000,6,30000,0,0,0,0.0488,0.3405,214896,0
120,60,baseline,5000,0,0.9836066,70.8271,2.0899,0.0739,0.00948,20.59224,46.149,0,0.0276,180224,0,0,5000,6,30000,5000,6,30000,0,0,0,0.0503,0.3934,214896,0
121,60,preskin,5000,0,0.9836066,54.6993,1.6068,0.2905,0.03868,15.25764,35.56576,0.2475,0.023,180224,214896,1,5000,6,30000,5000,6,30000,0,0,0,0,0,0,0
122,61,preskin,5000,0,1,53.8792,1.8737,0.3434,0.03852,15.32428,34.5902,0.2821,0.0319,180224,214896,1,5000,6,30000,5000,6,30000,0,0,0,0,0,0,0
123,61,baseline,5000,0,1,72.1642,1.7667,0.0765,0.0068,21.96512,46.64688,0,0.0259,180224,0,0,5000,6,30000,5000,6,30000,0,0,0,0.0659,0.4939,214896,0
124,62,baseline,5000,0,0,73.425,1.5811,0.0764,0.00976,21.66456,48.16796,0,0.0244,180224,0,0,5000,6,30000,5000,6,30000,0,0,0,0.0516,0.3468,214896,0
125,62,preskin,5000,0,0,60.8711,1.822,0.4742,0.03988,19.83468,36.50068,0.3863,0.041,180224,214896,1,5000,6,30000,5000,6,30000,0,0,0,0,0,0,0
126,63,preskin,5000,0,0.016393442,54.7596,1.6948,0.3764,0.03888,15.66708,34.7274,0.3114,0.031799999999999995,180224,214896,1,5000,6,30000,5000,6,30000,0,0,0,0,0,0,0
127,63,baseline,5000,0,0.016393442,73.3391,1.3517,0.068,0.00628,20.68764,47.9562,0,0.024,180224,0,0,5000,6,30000,5000,6,30000,0,0,0,0.0496,0.3864,214896,0
128,64,baseline,5000,0,0.032786883,74.7277,1.7102,0.0869,0.0086,23.81208,46.52824,0,0.0287,180224,0,0,5000,6,30000,5000,6,30000,0,0,0,0.0468,0.402,214896,0
129,64,preskin,5000,0,0.032786883,53.5966,1.5101,0.3286,0.03856,15.1524,34.46944,0.2671,0.0312,180224,214896,1,5000,6,30000,5000,6,30000,0,0,0,0,0,0,0
130,65,preskin,5000,0,0.04918033,56.2131,1.501,0.3388,0.039,16.106,36.16272,0.2774,0.0315,180224,214896,1,5000,6,30000,5000,6,30000,0,0,0,0,0,0,0
131,65,baseline,5000,0,0.04918033,73.5881,1.5907,0.0939,0.00968,21.57408,48.02092,0,0.0434,180224,0,0,5000,6,30000,5000,6,30000,0,0,0,0.0478,0.4051,214896,0
132,66,baseline,5000,0,0.06557377,80.7492,1.7357,0.0967,0.00972,28.55768,48.14396,0,0.0364,180224,0,0,5000,6,30000,5000,6,30000,0,0,0,0.0504,0.419,214896,0
133,66,preskin,5000,0,0.06557377,51.4544,2.2527,0.3988,0.03804,15.70084,31.4164,0.3362,0.0276,180224,214896,1,5000,6,30000,5000,6,30000,0,0,0,0,0,0,0
134,67,preskin,5000,0,0.08196721,52.7401,1.335,0.2747,0.0372,15.30632,33.88188,0.2301,0.0197,180224,214896,1,5000,6,30000,5000,6,30000,0,0,0,0,0,0,0
135,67,baseline,5000,0,0.08196721,70.3913,1.3837,0.0667,0.00644,22.5806,44.51996,0,0.024800000000000003,180224,0,0,5000,6,30000,5000,6,30000,0,0,0,0.0445,0.3579,214896,0
136,68,baseline,5000,0,0.09836066,69.3759,1.5312,0.0756,0.00956,19.50016,46.2942,0,0.0283,180224,0,0,5000,6,30000,5000,6,30000,0,0,0,0.0429,0.3704,214896,0
137,68,preskin,5000,0,0.09836066,52.7257,1.567,0.3374,0.03804,15.59416,33.34448,0.2788,0.0297,180224,214896,1,5000,6,30000,5000,6,30000,0,0,0,0,0,0,0
138,69,preskin,5000,0,0.114754096,52.5094,1.959,0.3538,0.03932,15.38644,33.08812,0.2963,0.024399999999999998,180224,214896,1,5000,6,30000,5000,6,30000,0,0,0,0,0,0,0
139,69,baseline,5000,0,0.114754096,71.0403,1.3552,0.0553,0.00688,20.41644,47.3484,0,0.016900000000000002,180224,0,0,5000,6,30000,5000,6,30000,0,0,0,0.04,0.4549,214896,0
140,70,baseline,5000,0,0.13114753,70.0372,1.7125,0.0843,0.00972,20.23096,45.93248,0,0.0312,180224,0,0,5000,6,30000,5000,6,30000,0,0,0,0.0453,0.4217,214896,0
141,70,preskin,5000,0,0.13114753,52.7304,1.5342,0.318,0.0378,15.45136,33.42412,0.2632,0.0283,180224,214896,1,5000,6,30000,5000,6,30000,0,0,0,0,0,0,0
142,71,preskin,5000,0,0.14754099,51.5607,1.379,0.293,0.02492,15.284,32.93252,0.2363,0.0301,180224,214896,1,5000,6,30000,5000,6,30000,0,0,0,0,0,0,0
143,71,baseline,5000,0,0.14754099,68.3495,1.3943,0.0639,0.00704,20.29488,44.89768,0,0.021,180224,0,0,5000,6,30000,5000,6,30000,0,0,0,0.0378,0.3372,214896,0
144,72,baseline,5000,0,0.16393442,71.1489,1.7523,0.0659,0.00976,20.8112,46.45108,0,0.022799999999999997,180224,0,0,5000,6,30000,5000,6,30000,0,0,0,0.0383,0.3871,214896,0
145,72,preskin,5000,0,0.16393442,52.3867,1.7413,0.3933,0.03896,15.55532,32.8188,0.325,0.0343,180224,214896,1,5000,6,30000,5000,6,30000,0,0,0,0,0,0,0
146,73,preskin,5000,0,0.18032786,52.3843,1.9073,0.348,0.03884,15.5264,33.00084,0.2979,0.0208,180224,214896,1,5000,6,30000,5000,6,30000,0,0,0,0,0,0,0
147,73,baseline,5000,0,0.18032786,68.4199,1.4041,0.0629,0.007,20.25948,45.00116,0,0.0202,180224,0,0,5000,6,30000,5000,6,30000,0,0,0,0.0429,0.3806,214896,0
148,74,baseline,5000,0,0.19672132,69.2119,1.4809,0.07,0.00992,20.00652,45.62344,0,0.022600000000000002,180224,0,0,5000,6,30000,5000,6,30000,0,0,0,0.0404,0.3963,214896,0
149,74,preskin,5000,0,0.19672132,54.4165,1.567,0.3234,0.03628,15.31356,34.97332,0.2652,0.0309,180224,214896,1,5000,6,30000,5000,6,30000,0,0,0,0,0,0,0
150,75,preskin,5000,0,0.21311475,57.7337,1.4904,0.3388,0.0382,16.65672,37.30972,0.2821,0.028399999999999998,180224,214896,1,5000,6,30000,5000,6,30000,0,0,0,0,0,0,0
151,75,baseline,5000,0,0.21311475,72.9544,1.4399,0.0767,0.00716,21.41264,48.10756,0,0.0297,180224,0,0,5000,6,30000,5000,6,30000,0,0,0,0.051,0.4056,214896,0
152,76,baseline,5000,0,0.22950819,76.7599,2.3819,0.1268,0.01032,23.67576,48.2848,0,0.06080000000000001,180224,0,0,5000,6,30000,5000,6,30000,0,0,0,0.0572,0.4581,214896,0
153,76,preskin,5000,0,0.22950819,52.4506,1.8253,0.4221,0.03848,15.33524,32.94928,0.3499,0.0345,180224,214896,1,5000,6,30000,5000,6,30000,0,0,0,0,0,0,0
154,77,preskin,5000,0,0.24590164,52.8141,1.4346,0.3124,0.0396,15.96036,33.15588,0.2585,0.026500000000000003,180224,214896,1,5000,6,30000,5000,6,30000,0,0,0,0,0,0,0
155,77,baseline,5000,0,0.24590164,70.844,1.8197,0.0744,0.00944,21.38116,45.75728,0,0.0265,180224,0,0,5000,6,30000,5000,6,30000,0,0,0,0.0525,0.4421,214896,0
156,78,baseline,5000,0,0.26229507,73.5007,1.6445,0.0735,0.00968,22.64948,47.11448,0,0.0262,180224,0,0,5000,6,30000,5000,6,30000,0,0,0,0.056,0.3892,214896,0
157,78,preskin,5000,0,0.26229507,53.319,1.9491,0.3337,0.03836,15.31788,33.96188,0.2739,0.027700000000000002,180224,214896,1,5000,6,30000,5000,6,30000,0,0,0,0,0,0,0
158,79,preskin,5000,0,0.27868852,52.8162,1.4408,0.3107,0.0386,15.36896,33.83072,0.2531,0.0292,180224,214896,1,5000,6,30000,5000,6,30000,0,0,0,0,0,0,0
159,79,baseline,5000,0,0.27868852,71.6677,1.4005,0.0692,0.00696,22.657,45.59444,0,0.0247,180224,0,0,5000,6,30000,5000,6,30000,0,0,0,0.0414,0.3687,214896,0
160,80,baseline,5000,0,0.29508197,71.1289,2.0144,0.0794,0.00704,21.41996,45.781,0,0.0285,180224,0,0,5000,6,30000,5000,6,30000,0,0,0,0.0559,0.3883,214896,0
161,80,preskin,5000,0,0.29508197,53.1241,1.9385,0.3348,0.03888,16.1126,32.99024,0.2696,0.0313,180224,214896,1,5000,6,30000,5000,6,30000,0,0,0,0,0,0,0
162,81,preskin,5000,0,0.3114754,51.1762,1.3422,0.3025,0.02636,15.48416,32.39904,0.2457,0.0296,180224,214896,1,5000,6,30000,5000,6,30000,0,0,0,0,0,0,0
163,81,baseline,5000,0,0.3114754,70.8637,1.3138,0.0715,0.00684,20.355,47.36256,0,0.0271,180224,0,0,5000,6,30000,5000,6,30000,0,0,0,0.0488,0.4064,214896,0
164,82,baseline,5000,0,0.32786885,72.5459,1.7176,0.0814,0.00712,22.00524,46.97996,0,0.031,180224,0,0,5000,6,30000,5000,6,30000,0,0,0,0.0468,0.4153,214896,0
165,82,preskin,5000,0,0.32786885,51.7587,1.6403,0.3391,0.03876,15.03316,33.00264,0.2845,0.0247,180224,214896,1,5000,6,30000,5000,6,30000,0,0,0,0,0,0,0
166,83,preskin,5000,0,0.3442623,50.6725,1.4693,0.3139,0.03876,15.0214,32.10772,0.2647,0.0233,180224,214896,1,5000,6,30000,5000,6,30000,0,0,0,0,0,0,0
167,83,baseline,5000,0,0.3442623,68.2451,1.624,0.0792,0.00748,20.50496,44.27596,0,0.0298,180224,0,0,5000,6,30000,5000,6,30000,0,0,0,0.0456,0.3685,214896,0
168,84,baseline,5000,0,0.36065573,71.1736,1.5183,0.0654,0.00728,21.27684,46.57612,0,0.021,180224,0,0,5000,6,30000,5000,6,30000,0,0,0,0.0396,0.3769,214896,0
169,84,preskin,5000,0,0.36065573,50.8178,1.5923,0.3231,0.0286,15.41856,31.74172,0.2707,0.025099999999999997,180224,214896,1,5000,6,30000,5000,6,30000,0,0,0,0,0,0,0
170,85,preskin,5000,0,0.37704918,52.3041,1.5883,0.3602,0.03696,15.44884,32.68628,0.2968,0.03,180224,214896,1,5000,6,30000,5000,6,30000,0,0,0,0,0,0,0
171,85,baseline,5000,0,0.37704918,72.9582,1.4498,0.0737,0.00964,21.83844,47.64388,0,0.0285,180224,0,0,5000,6,30000,5000,6,30000,0,0,0,0.0504,0.3743,214896,0
172,86,baseline,5000,0,0.39344263,72.983,1.6933,0.1014,0.00968,22.21364,47.01976,0,0.033,180224,0,0,5000,6,30000,5000,6,30000,0,0,0,0.0586,0.4825,214896,0
173,86,preskin,5000,0,0.39344263,54.9975,2.131,0.3384,0.03904,15.81692,34.55532,0.2823,0.0249,180224,214896,1,5000,6,30000,5000,6,30000,0,0,0,0,0,0,0
174,87,preskin,5000,0,0.40983605,54.0164,1.9411,0.3453,0.03828,16.1704,33.86548,0.282,0.0327,180224,214896,1,5000,6,30000,5000,6,30000,0,0,0,0,0,0,0
175,87,baseline,5000,0,0.40983605,69.8729,1.9197,0.0724,0.00976,20.3604,45.894,0,0.0256,180224,0,0,5000,6,30000,5000,6,30000,0,0,0,0.0528,0.3691,214896,0
176,88,baseline,5000,0,0.4262295,68.9822,1.5269,0.0716,0.00744,20.7594,45.04716,0,0.0296,180224,0,0,5000,6,30000,5000,6,30000,0,0,0,0.0533,0.3877,214896,0
177,88,preskin,5000,0,0.4262295,52.1241,1.7095,0.3762,0.03888,15.398,32.80064,0.3218,0.0248,180224,214896,1,5000,6,30000,5000,6,30000,0,0,0,0,0,0,0
178,89,preskin,5000,0,0.44262296,53.996,1.5246,0.327,0.03852,15.54556,34.74272,0.2673,0.0319,180224,214896,1,5000,6,30000,5000,6,30000,0,0,0,0,0,0,0
179,89,baseline,5000,0,0.44262296,69.2804,1.3093,0.0717,0.00692,20.32584,45.84344,0,0.0269,180224,0,0,5000,6,30000,5000,6,30000,0,0,0,0.0579,0.4188,214896,0
180,90,baseline,5000,0,0.45901638,72.0259,1.4897,0.0734,0.00712,22.34612,46.25516,0,0.0286,180224,0,0,5000,6,30000,5000,6,30000,0,0,0,0.0471,0.4366,214896,0
181,90,preskin,5000,0,0.45901638,52.3373,1.6209,0.3399,0.03844,15.71984,32.75672,0.2815,0.030399999999999996,180224,214896,1,5000,6,30000,5000,6,30000,0,0,0,0,0,0,0
182,91,preskin,5000,0,0.47540984,55.433,1.4702,0.3195,0.03848,15.02232,36.90192,0.2641,0.026500000000000003,180224,214896,1,5000,6,30000,5000,6,30000,0,0,0,0,0,0,0
183,91,baseline,5000,0,0.47540984,77.485,1.9215,0.086,0.00776,25.2728,48.32932,0,0.0303,180224,0,0,5000,6,30000,5000,6,30000,0,0,0,0.0499,0.4467,214896,0
184,92,baseline,5000,0,0.4918033,81.9992,2.0841,0.113,0.00968,29.29148,48.33364,0,0.036000000000000004,180224,0,0,5000,6,30000,5000,6,30000,0,0,0,0.0471,0.4047,214896,0
185,92,preskin,5000,0,0.4918033,61.9928,1.7576,0.3971,0.0388,23.81156,34.19696,0.3269,0.0334,180224,214896,1,5000,6,30000,5000,6,30000,0,0,0,0,0,0,0
186,93,preskin,5000,0,0.5081967,54.1602,1.4002,0.2956,0.02584,15.40184,35.29664,0.2486,0.0207,180224,214896,1,5000,6,30000,5000,6,30000,0,0,0,0,0,0,0
187,93,baseline,5000,0,0.5081967,74.3696,1.6168,0.0742,0.00952,23.76352,46.92016,0,0.028,180224,0,0,5000,6,30000,5000,6,30000,0,0,0,0.0455,0.3612,214896,0
188,94,baseline,5000,0,0.52459013,69.3911,1.514,0.0714,0.007,19.65912,46.27672,0,0.026099999999999998,180224,0,0,5000,6,30000,5000,6,30000,0,0,0,0.046,0.3973,214896,0
189,94,preskin,5000,0,0.52459013,52.6443,1.6196,0.3341,0.03832,15.4928,33.502,0.2717,0.032799999999999996,180224,214896,1,5000,6,30000,5000,6,30000,0,0,0,0,0,0,0
190,95,preskin,5000,0,0.5409836,53.3971,1.4721,0.3213,0.02796,15.85612,34.14172,0.2683,0.028999999999999998,180224,214896,1,5000,6,30000,5000,6,30000,0,0,0,0,0,0,0
191,95,baseline,5000,0,0.5409836,74.316,1.77,0.061,0.00696,22.55468,48.34892,0,0.015200000000000002,180224,0,0,5000,6,30000,5000,6,30000,0,0,0,0.0353,0.3421,214896,0
