sampleX,sampleY,worldXCm,worldYCm,realHeightCm,beforeDisplayCm,afterDisplayCm,deltaCm
992,864,1551515.2,1351319.6,72547.5,41718.0,72547.5,30829.5
993,864,1553079.2,1351319.6,72408.6,41718.0,72408.6,30690.6
994,864,1554643.2,1351319.6,72212.1,41718.0,72212.1,30494.1
995,864,1556207.2,1351319.6,71968.6,41718.0,71968.6,30250.6
996,864,1557771.3,1351319.6,71693.0,41718.0,71693.0,29975.0
997,864,1559335.3,1351319.6,71400.3,41718.0,71400.3,29682.3
998,864,1560899.3,1351319.6,71109.8,41718.0,71109.8,29391.8
999,864,1562463.3,1351319.6,70840.6,41718.0,70840.6,29122.6
1000,864,1564027.4,1351319.6,70612.0,41718.0,70612.0,28894.0
1001,864,1565591.4,1351319.6,70439.0,41718.0,70439.0,28721.0
1002,864,1567155.4,1351319.6,70336.5,41718.0,70336.5,28618.5
1003,864,1568719.5,1351319.6,70310.8,41718.0,70310.8,28592.8
1004,864,1570283.5,1351319.6,70327.9,41718.0,70327.9,28609.9
1005,864,1571847.5,1351319.6,70372.8,41718.0,70372.8,28654.8
1006,864,1573411.5,1351319.6,70443.3,41718.0,70443.3,28725.3
1007,864,1574975.6,1351319.6,70539.4,41718.0,70539.4,28821.4
1008,864,1576539.6,1351319.6,70663.3,41718.0,70663.3,28945.3
1009,864,1578103.6,1351319.6,70744.5,41718.0,70744.5,29026.5
1010,864,1579667.6,1351319.6,70735.9,41718.0,70735.9,29017.9
1011,864,1581231.7,1351319.6,70723.1,41718.0,70723.1,29005.1
1012,864,1582795.7,1351319.6,70708.2,41718.0,70708.2,28990.2
1013,864,1584359.7,1351319.6,70686.8,41718.0,70686.8,28968.8
1014,864,1585923.8,1351319.6,70659.0,41718.0,70659.0,28941.0
1015,864,1587487.8,1351319.6,70633.4,41718.0,70633.4,28915.4
1016,864,1589051.8,1351319.6,70607.8,41718.0,70607.8,28889.8
1017,864,1590615.8,1351319.6,70584.3,41718.0,70584.3,28866.3
1018,864,1592179.9,1351319.6,70560.8,41718.0,70560.8,28842.8
1019,864,1593743.9,1351319.6,70539.4,41718.0,70539.4,28821.4
1020,864,1595307.9,1351319.6,70507.4,41718.0,70507.4,28789.4
1021,864,1596871.9,1351319.6,70458.2,41718.0,70458.2,28740.2
1022,864,1598436.0,1351319.6,70396.3,41718.0,70396.3,28678.3
1023,864,1600000.0,1351319.6,70330.1,41718.0,70330.1,28612.1
992,865,1551515.2,1352883.7,72218.5,41718.0,72218.5,30500.5
993,865,1553079.2,1352883.7,72060.4,41718.0,72060.4,30342.4
994,865,1554643.2,1352883.7,71848.9,41718.0,71848.9,30130.9
995,865,1556207.2,1352883.7,71603.3,41718.0,71603.3,29885.3
996,865,1557771.3,1352883.7,71336.2,41718.0,71336.2,29618.2
997,865,1559335.3,1352883.7,71067.1,41718.0,71067.1,29349.1
998,865,1560899.3,1352883.7,70815.0,41718.0,70815.0,29097.0
999,865,1562463.3,1352883.7,70590.7,41718.0,70590.7,28872.7
1000,865,1564027.4,1352883.7,70415.5,41718.0,70415.5,28697.5
1001,865,1565591.4,1352883.7,70298.0,41718.0,70298.0,28580.0
1002,865,1567155.4,1352883.7,70246.7,41718.0,70246.7,28528.7
1003,865,1568719.5,1352883.7,70257.4,41718.0,70257.4,28539.4
1004,865,1570283.5,1352883.7,70300.1,41718.0,70300.1,28582.1
1005,865,1571847.5,1352883.7,70366.4,41718.0,70366.4,28648.4
1006,865,1573411.5,1352883.7,70462.5,41718.0,70462.5,28744.5
1007,865,1574975.6,1352883.7,70582.1,41718.0,70582.1,28864.1
1008,865,1576539.6,1352883.7,70725.3,41718.0,70725.3,29007.3
1009,865,1578103.6,1352883.7,70802.2,41718.0,70802.2,29084.2
1010,865,1579667.6,1352883.7,70810.7,41718.0,70810.7,29092.7
1011,865,1581231.7,1352883.7,70815.0,41718.0,70815.0,29097.0
1012,865,1582795.7,1352883.7,70812.8,41718.0,70812.8,29094.8
1013,865,1584359.7,1352883.7,70800.0,41718.0,70800.0,29082.0
1014,865,1585923.8,1352883.7,70778.7,41718.0,70778.7,29060.7
1015,865,1587487.8,1352883.7,70757.3,41718.0,70757.3,29039.3
1016,865,1589051.8,1352883.7,70731.7,41718.0,70731.7,29013.7
1017,865,1590615.8,1352883.7,70703.9,41718.0,70703.9,28985.9
1018,865,1592179.9,1352883.7,70676.1,41718.0,70676.1,28958.1
1019,865,1593743.9,1352883.7,70648.4,41718.0,70648.4,28930.4
1020,865,1595307.9,1352883.7,70605.6,41718.0,70605.6,28887.6
1021,865,1596871.9,1352883.7,70548.0,41718.0,70548.0,28830.0
1022,865,1598436.0,1352883.7,70483.9,41718.0,70483.9,28765.9
1023,865,1600000.0,1352883.7,70417.6,41718.0,70417.6,28699.6
992,866,1551515.2,1354447.7,71840.4,41718.0,71840.4,30122.4
993,866,1553079.2,1354447.7,71669.5,41718.0,71669.5,29951.5
994,866,1554643.2,1354447.7,71460.1,41718.0,71460.1,29742.1
995,866,1556207.2,1354447.7,71227.3,41718.0,71227.3,29509.3
996,866,1557771.3,1354447.7,70990.2,41718.0,70990.2,29272.2
997,866,1559335.3,1354447.7,70761.6,41718.0,70761.6,29043.6
998,866,1560899.3,1354447.7,70562.9,41718.0,70562.9,28844.9
999,866,1562463.3,1354447.7,70400.5,41718.0,70400.5,28682.5
1000,866,1564027.4,1354447.7,70285.2,41718.0,70285.2,28567.2
1001,866,1565591.4,1354447.7,70225.4,41718.0,70225.4,28507.4
1002,866,1567155.4,1354447.7,70216.8,41718.0,70216.8,28498.8
1003,866,1568719.5,1354447.7,70251.0,41718.0,70251.0,28533.0
1004,866,1570283.5,1354447.7,70313.0,41718.0,70313.0,28595.0
1005,866,1571847.5,1354447.7,70400.5,41718.0,70400.5,28682.5
1006,866,1573411.5,1354447.7,70515.9,41718.0,70515.9,28797.9
1007,866,1574975.6,1354447.7,70652.6,41718.0,70652.6,28934.6
1008,866,1576539.6,1354447.7,70808.6,41718.0,70808.6,29090.6
1009,866,1578103.6,1354447.7,70883.3,41718.0,70883.3,29165.3
1010,866,1579667.6,1354447.7,70904.7,41718.0,70904.7,29186.7
1011,866,1581231.7,1354447.7,70919.7,41718.0,70919.7,29201.7
1012,866,1582795.7,1354447.7,70923.9,41718.0,70923.9,29205.9
1013,866,1584359.7,1354447.7,70915.4,41718.0,70915.4,29197.4
1014,866,1585923.8,1354447.7,70896.2,41718.0,70896.2,29178.2
1015,866,1587487.8,1354447.7,70870.5,41718.0,70870.5,29152.5
1016,866,1589051.8,1354447.7,70840.6,41718.0,70840.6,29122.6
1017,866,1590615.8,1354447.7,70806.4,41718.0,70806.4,29088.4
1018,866,1592179.9,1354447.7,70770.1,41718.0,70770.1,29052.1
1019,866,1593743.9,1354447.7,70731.7,41718.0,70731.7,29013.7
1020,866,1595307.9,1354447.7,70680.4,41718.0,70680.4,28962.4
1021,866,1596871.9,1354447.7,70614.2,41718.0,70614.2,28896.2
1022,866,1598436.0,1354447.7,70545.8,41718.0,70545.8,28827.8
1023,866,1600000.0,1354447.7,70479.6,41718.0,70479.6,28761.6
992,867,1551515.2,1356011.7,71430.2,41718.0,71430.2,29712.2
993,867,1553079.2,1356011.7,71259.3,41718.0,71259.3,29541.3
994,867,1554643.2,1356011.7,71062.8,41718.0,71062.8,29344.8
995,867,1556207.2,1356011.7,70862.0,41718.0,70862.0,29144.0
996,867,1557771.3,1356011.7,70667.6,41718.0,70667.6,28949.6
997,867,1559335.3,1356011.7,70494.5,41718.0,70494.5,28776.5
998,867,1560899.3,1356011.7,70355.7,41718.0,70355.7,28637.7
999,867,1562463.3,1356011.7,70259.6,41718.0,70259.6,28541.6
1000,867,1564027.4,1356011.7,70208.3,41718.0,70208.3,28490.3
1001,867,1565591.4,1356011.7,70199.7,41718.0,70199.7,28481.7
1002,867,1567155.4,1356011.7,70227.5,41718.0,70227.5,28509.5
1003,867,1568719.5,1356011.7,70278.8,41718.0,70278.8,28560.8
1004,867,1570283.5,1356011.7,70355.7,41718.0,70355.7,28637.7
1005,867,1571847.5,1356011.7,70460.4,41718.0,70460.4,28742.4
1006,867,1573411.5,1356011.7,70586.4,41718.0,70586.4,28868.4
1007,867,1574975.6,1356011.7,70735.9,41718.0,70735.9,29017.9
1008,867,1576539.6,1356011.7,70896.2,41718.0,70896.2,29178.2
1009,867,1578103.6,1356011.7,70970.9,41718.0,70970.9,29252.9
1010,867,1579667.6,1356011.7,70998.7,41718.0,70998.7,29280.7
1011,867,1581231.7,1356011.7,71020.1,41718.0,71020.1,29302.1
1012,867,1582795.7,1356011.7,71026.5,41718.0,71026.5,29308.5
1013,867,1584359.7,1356011.7,71015.8,41718.0,71015.8,29297.8
1014,867,1585923.8,1356011.7,70992.3,41718.0,70992.3,29274.3
1015,867,1587487.8,1356011.7,70960.3,41718.0,70960.3,29242.3
1016,867,1589051.8,1356011.7,70921.8,41718.0,70921.8,29203.8
1017,867,1590615.8,1356011.7,70879.1,41718.0,70879.1,29161.1
1018,867,1592179.9,1356011.7,70832.1,41718.0,70832.1,29114.1
1019,867,1593743.9,1356011.7,70782.9,41718.0,70782.9,29064.9
1020,867,1595307.9,1356011.7,70718.9,41718.0,70718.9,29000.9
1021,867,1596871.9,1356011.7,70648.4,41718.0,70648.4,28930.4
1022,867,1598436.0,1356011.7,70575.7,41718.0,70575.7,28857.7
1023,867,1600000.0,1356011.7,70509.5,41718.0,70509.5,28791.5
992,868,1551515.2,1357575.8,71000.8,41718.0,71000.8,29282.8
993,868,1553079.2,1357575.8,70838.5,41718.0,70838.5,29120.5
994,868,1554643.2,1357575.8,70669.7,41718.0,70669.7,28951.7
995,868,1556207.2,1357575.8,70509.5,41718.0,70509.5,28791.5
996,868,1557771.3,1357575.8,70370.6,41718.0,70370.6,28652.6
997,868,1559335.3,1357575.8,70263.8,41718.0,70263.8,28545.8
998,868,1560899.3,1357575.8,70195.5,41718.0,70195.5,28477.5
999,868,1562463.3,1357575.8,70165.6,41718.0,70165.6,28447.6
1000,868,1564027.4,1357575.8,70172.0,41718.0,70172.0,28454.0
1001,868,1565591.4,1357575.8,70208.3,41718.0,70208.3,28490.3
1002,868,1567155.4,1357575.8,70259.6,41718.0,70259.6,28541.6
1003,868,1568719.5,1357575.8,70323.6,41718.0,70323.6,28605.6
1004,868,1570283.5,1357575.8,70413.4,41718.0,70413.4,28695.4
1005,868,1571847.5,1357575.8,70526.6,41718.0,70526.6,28808.6
1006,868,1573411.5,1357575.8,70661.2,41718.0,70661.2,28943.2
1007,868,1574975.6,1357575.8,70815.0,41718.0,70815.0,29097.0
1008,868,1576539.6,1357575.8,70968.8,41718.0,70968.8,29250.8
1009,868,1578103.6,1357575.8,71043.6,41718.0,71043.6,29325.6
1010,868,1579667.6,1357575.8,71075.6,41718.0,71075.6,29357.6
1011,868,1581231.7,1357575.8,71094.8,41718.0,71094.8,29376.8
1012,868,1582795.7,1357575.8,71099.1,41718.0,71099.1,29381.1
1013,868,1584359.7,1357575.8,71082.0,41718.0,71082.0,29364.0
1014,868,1585923.8,1357575.8,71052.1,41718.0,71052.1,29334.1
1015,868,1587487.8,1357575.8,71011.5,41718.0,71011.5,29293.5
1016,868,1589051.8,1357575.8,70962.4,41718.0,70962.4,29244.4
1017,868,1590615.8,1357575.8,70909.0,41718.0,70909.0,29191.0
1018,868,1592179.9,1357575.8,70853.4,41718.0,70853.4,29135.4
1019,868,1593743.9,1357575.8,70793.6,41718.0,70793.6,29075.6
1020,868,1595307.9,1357575.8,70725.3,41718.0,70725.3,29007.3
1021,868,1596871.9,1357575.8,70650.5,41718.0,70650.5,28932.5
1022,868,1598436.0,1357575.8,70577.9,41718.0,70577.9,28859.9
1023,868,1600000.0,1357575.8,70515.9,41718.0,70515.9,28797.9
992,869,1551515.2,1359139.8,70558.6,41718.0,70558.6,28840.6
993,869,1553079.2,1359139.8,70417.6,41718.0,70417.6,28699.6
994,869,1554643.2,1359139.8,70291.6,41718.0,70291.6,28573.6
995,869,1556207.2,1359139.8,70186.9,41718.0,70186.9,28468.9
996,869,1557771.3,1359139.8,70114.3,41718.0,70114.3,28396.3
997,869,1559335.3,1359139.8,70078.0,41718.0,70078.0,28360.0
998,869,1560899.3,1359139.8,70078.0,41718.0,70078.0,28360.0
999,869,1562463.3,1359139.8,70110.0,41718.0,70110.0,28392.0
1000,869,1564027.4,1359139.8,70167.7,41718.0,70167.7,28449.7
1001,869,1565591.4,1359139.8,70236.1,41718.0,70236.1,28518.1
1002,869,1567155.4,1359139.8,70298.0,41718.0,70298.0,28580.0
1003,869,1568719.5,1359139.8,70370.6,41718.0,70370.6,28652.6
1004,869,1570283.5,1359139.8,70466.8,41718.0,70466.8,28748.8
1005,869,1571847.5,1359139.8,70584.3,41718.0,70584.3,28866.3
1006,869,1573411.5,1359139.8,70718.9,41718.0,70718.9,29000.9
1007,869,1574975.6,1359139.8,70868.4,41718.0,70868.4,29150.4
1008,869,1576539.6,1359139.8,71011.5,41718.0,71011.5,29293.5
1009,869,1578103.6,1359139.8,71092.7,41718.0,71092.7,29374.7
1010,869,1579667.6,1359139.8,71122.6,41718.0,71122.6,29404.6
1011,869,1581231.7,1359139.8,71135.4,41718.0,71135.4,29417.4
1012,869,1582795.7,1359139.8,71131.2,41718.0,71131.2,29413.2
1013,869,1584359.7,1359139.8,71105.5,41718.0,71105.5,29387.5
1014,869,1585923.8,1359139.8,71067.1,41718.0,71067.1,29349.1
1015,869,1587487.8,1359139.8,71017.9,41718.0,71017.9,29299.9
1016,869,1589051.8,1359139.8,70964.5,41718.0,70964.5,29246.5
1017,869,1590615.8,1359139.8,70906.8,41718.0,70906.8,29188.8
1018,869,1592179.9,1359139.8,70844.9,41718.0,70844.9,29126.9
1019,869,1593743.9,1359139.8,70778.7,41718.0,70778.7,29060.7
1020,869,1595307.9,1359139.8,70703.9,41718.0,70703.9,28985.9
1021,869,1596871.9,1359139.8,70629.1,41718.0,70629.1,28911.1
1022,869,1598436.0,1359139.8,70560.8,41718.0,70560.8,28842.8
1023,869,1600000.0,1359139.8,70505.2,41718.0,70505.2,28787.2
992,870,1551515.2,1360703.8,70120.7,41718.0,70120.7,28402.7
993,870,1553079.2,1360703.8,70020.3,41718.0,70020.3,28302.3
994,870,1554643.2,1360703.8,69945.5,41718.0,69945.5,28227.5
995,870,1556207.2,1360703.8,69907.1,41718.0,69907.1,28189.1
996,870,1557771.3,1360703.8,69902.8,41718.0,69902.8,28184.8
997,870,1559335.3,1360703.8,69937.0,41718.0,69937.0,28219.0
998,870,1560899.3,1360703.8,69998.9,41718.0,69998.9,28280.9
999,870,1562463.3,1360703.8,70084.4,41718.0,70084.4,28366.4
1000,870,1564027.4,1360703.8,70176.2,41718.0,70176.2,28458.2
1001,870,1565591.4,1360703.8,70263.8,41718.0,70263.8,28545.8
1002,870,1567155.4,1360703.8,70327.9,41718.0,70327.9,28609.9
1003,870,1568719.5,1360703.8,70402.7,41718.0,70402.7,28684.7
1004,870,1570283.5,1360703.8,70501.0,41718.0,70501.0,28783.0
1005,870,1571847.5,1360703.8,70616.3,41718.0,70616.3,28898.3
1006,870,1573411.5,1360703.8,70746.6,41718.0,70746.6,29028.6
1007,870,1574975.6,1360703.8,70883.3,41718.0,70883.3,29165.3
1008,870,1576539.6,1360703.8,71007.2,41718.0,71007.2,29289.2
1009,870,1578103.6,1360703.8,71099.1,41718.0,71099.1,29381.1
1010,870,1579667.6,1360703.8,71122.6,41718.0,71122.6,29404.6
1011,870,1581231.7,1360703.8,71131.2,41718.0,71131.2,29413.2
1012,870,1582795.7,1360703.8,71120.5,41718.0,71120.5,29402.5
1013,870,1584359.7,1360703.8,71090.6,41718.0,71090.6,29372.6
1014,870,1585923.8,1360703.8,71050.0,41718.0,71050.0,29332.0
1015,870,1587487.8,1360703.8,70998.7,41718.0,70998.7,29280.7
1016,870,1589051.8,1360703.8,70941.0,41718.0,70941.0,29223.0
1017,870,1590615.8,1360703.8,70879.1,41718.0,70879.1,29161.1
1018,870,1592179.9,1360703.8,70797.9,41718.0,70797.9,29079.9
1019,870,1593743.9,1360703.8,70688.9,41718.0,70688.9,28970.9
1020,870,1595307.9,1360703.8,70586.4,41718.0,70586.4,28868.4
1021,870,1596871.9,1360703.8,70492.4,41718.0,70492.4,28774.4
1022,870,1598436.0,1360703.8,70411.2,41718.0,70411.2,28693.2
1023,870,1600000.0,1360703.8,70347.1,41718.0,70347.1,28629.1
992,871,1551515.2,1362267.8,69719.1,41718.0,69719.1,28001.1
993,871,1553079.2,1362267.8,69667.8,41718.0,69667.8,27949.8
994,871,1554643.2,1362267.8,69652.9,41718.0,69652.9,27934.9
995,871,1556207.2,1362267.8,69680.6,41718.0,69680.6,27962.6
996,871,1557771.3,1362267.8,69742.6,41718.0,69742.6,28024.6
997,871,1559335.3,1362267.8,69836.6,41718.0,69836.6,28118.6
998,871,1560899.3,1362267.8,69949.8,41718.0,69949.8,28231.8
999,871,1562463.3,1362267.8,70069.4,41718.0,70069.4,28351.4
1000,871,1564027.4,1362267.8,70184.8,41718.0,70184.8,28466.8
1001,871,1565591.4,1362267.8,70276.6,41718.0,70276.6,28558.6
1002,871,1567155.4,1362267.8,70336.5,41718.0,70336.5,28618.5
1003,871,1568719.5,1362267.8,70411.2,41718.0,70411.2,28693.2
1004,871,1570283.5,1362267.8,70505.2,41718.0,70505.2,28787.2
1005,871,1571847.5,1362267.8,70612.0,41718.0,70612.0,28894.0
1006,871,1573411.5,1362267.8,70731.7,41718.0,70731.7,29013.7
1007,871,1574975.6,1362267.8,70855.6,41718.0,70855.6,29137.6
1008,871,1576539.6,1362267.8,70960.3,41718.0,70960.3,29242.3
1009,871,1578103.6,1362267.8,71039.3,41718.0,71039.3,29321.3
1010,871,1579667.6,1362267.8,71088.4,41718.0,71088.4,29370.4
1011,871,1581231.7,1362267.8,71101.2,41718.0,71101.2,29383.2
1012,871,1582795.7,1362267.8,71084.2,41718.0,71084.2,29366.2
1013,871,1584359.7,1362267.8,71050.0,41718.0,71050.0,29332.0
1014,871,1585923.8,1362267.8,70985.9,41718.0,70985.9,29267.9
1015,871,1587487.8,1362267.8,70902.6,41718.0,70902.6,29184.6
1016,871,1589051.8,1362267.8,70804.3,41718.0,70804.3,29086.3
1017,871,1590615.8,1362267.8,70695.4,41718.0,70695.4,28977.4
1018,871,1592179.9,1362267.8,70577.9,41718.0,70577.9,28859.9
1019,871,1593743.9,1362267.8,70462.5,41718.0,70462.5,28744.5
1020,871,1595307.9,1362267.8,70353.6,41718.0,70353.6,28635.6
1021,871,1596871.9,1362267.8,70251.0,41718.0,70251.0,28533.0
1022,871,1598436.0,1362267.8,70163.4,41718.0,70163.4,28445.4
1023,871,1600000.0,1362267.8,70092.9,41718.0,70092.9,28374.9
992,872,1551515.2,1363831.9,69370.9,41718.0,69370.9,27652.9
993,872,1553079.2,1363831.9,69375.1,41718.0,69375.1,27657.1
994,872,1554643.2,1363831.9,69422.1,41718.0,69422.1,27704.1
995,872,1556207.2,1363831.9,69509.7,41718.0,69509.7,27791.7
996,872,1557771.3,1363831.9,69629.4,41718.0,69629.4,27911.4
997,872,1559335.3,1363831.9,69768.2,41718.0,69768.2,28050.2
998,872,1560899.3,1363831.9,69915.6,41718.0,69915.6,28197.6
999,872,1562463.3,1363831.9,70054.5,41718.0,70054.5,28336.5
1000,872,1564027.4,1363831.9,70174.1,41718.0,70174.1,28456.1
1001,872,1565591.4,1363831.9,70257.4,41718.0,70257.4,28539.4
1002,872,1567155.4,1363831.9,70313.0,41718.0,70313.0,28595.0
1003,872,1568719.5,1363831.9,70387.7,41718.0,70387.7,28669.7
1004,872,1570283.5,1363831.9,70483.9,41718.0,70483.9,28765.9
1005,872,1571847.5,1363831.9,70592.8,41718.0,70592.8,28874.8
1006,872,1573411.5,1363831.9,70706.0,41718.0,70706.0,28988.0
1007,872,1574975.6,1363831.9,70812.8,41718.0,70812.8,29094.8
1008,872,1576539.6,1363831.9,70894.0,41718.0,70894.0,29176.0
1009,872,1578103.6,1363831.9,70945.3,41718.0,70945.3,29227.3
1010,872,1579667.6,1363831.9,70966.7,41718.0,70966.7,29248.7
1011,872,1581231.7,1363831.9,70956.0,41718.0,70956.0,29238.0
1012,872,1582795.7,1363831.9,70921.8,41718.0,70921.8,29203.8
1013,872,1584359.7,1363831.9,70862.0,41718.0,70862.0,29144.0
1014,872,1585923.8,1363831.9,70782.9,41718.0,70782.9,29064.9
1015,872,1587487.8,1363831.9,70686.8,41718.0,70686.8,28968.8
1016,872,1589051.8,1363831.9,70577.9,41718.0,70577.9,28859.9
1017,872,1590615.8,1363831.9,70460.4,41718.0,70460.4,28742.4
1018,872,1592179.9,1363831.9,70338.6,41718.0,70338.6,28620.6
1019,872,1593743.9,1363831.9,70219.0,41718.0,70219.0,28501.0
1020,872,1595307.9,1363831.9,70103.6,41718.0,70103.6,28385.6
1021,872,1596871.9,1363831.9,69994.7,41718.0,69994.7,28276.7
1022,872,1598436.0,1363831.9,69900.7,41718.0,69900.7,28182.7
1023,872,1600000.0,1363831.9,69830.2,41718.0,69830.2,28112.2
992,873,1551515.2,1365395.9,69101.7,41718.0,69101.7,27383.7
993,873,1553079.2,1365395.9,69161.5,41718.0,69161.5,27443.5
994,873,1554643.2,1365395.9,69266.2,41718.0,69266.2,27548.2
995,873,1556207.2,1365395.9,69402.9,41718.0,69402.9,27684.9
996,873,1557771.3,1365395.9,69561.0,41718.0,69561.0,27843.0
997,873,1559335.3,1365395.9,69725.5,41718.0,69725.5,28007.5
998,873,1560899.3,1365395.9,69885.7,41718.0,69885.7,28167.7
999,873,1562463.3,1365395.9,70031.0,41718.0,70031.0,28313.0
1000,873,1564027.4,1365395.9,70152.7,41718.0,70152.7,28434.7
1001,873,1565591.4,1365395.9,70238.2,41718.0,70238.2,28520.2
1002,873,1567155.4,1365395.9,70304.4,41718.0,70304.4,28586.4
1003,873,1568719.5,1365395.9,70387.7,41718.0,70387.7,28669.7
1004,873,1570283.5,1365395.9,70483.9,41718.0,70483.9,28765.9
1005,873,1571847.5,1365395.9,70582.1,41718.0,70582.1,28864.1
1006,873,1573411.5,1365395.9,70676.1,41718.0,70676.1,28958.1
1007,873,1574975.6,1365395.9,70757.3,41718.0,70757.3,29039.3
1008,873,1576539.6,1365395.9,70806.4,41718.0,70806.4,29088.4
1009,873,1578103.6,1365395.9,70823.5,41718.0,70823.5,29105.5
1010,873,1579667.6,1365395.9,70812.8,41718.0,70812.8,29094.8
1011,873,1581231.7,1365395.9,70778.7,41718.0,70778.7,29060.7
1012,873,1582795.7,1365395.9,70723.1,41718.0,70723.1,29005.1
1013,873,1584359.7,1365395.9,70650.5,41718.0,70650.5,28932.5
1014,873,1585923.8,1365395.9,70556.5,41718.0,70556.5,28838.5
1015,873,1587487.8,1365395.9,70449.7,41718.0,70449.7,28731.7
1016,873,1589051.8,1365395.9,70332.2,41718.0,70332.2,28614.2
1017,873,1590615.8,1365395.9,70210.4,41718.0,70210.4,28492.4
1018,873,1592179.9,1365395.9,70084.4,41718.0,70084.4,28366.4
1019,873,1593743.9,1365395.9,69960.5,41718.0,69960.5,28242.5
1020,873,1595307.9,1365395.9,69840.8,41718.0,69840.8,28122.8
1021,873,1596871.9,1365395.9,69729.8,41718.0,69729.8,28011.8
1022,873,1598436.0,1365395.9,69631.5,41718.0,69631.5,27913.5
1023,873,1600000.0,1365395.9,69567.4,41718.0,69567.4,27849.4
992,874,1551515.2,1366959.9,68935.1,41718.0,68935.1,27217.1
993,874,1553079.2,1366959.9,69044.0,41718.0,69044.0,27326.0
994,874,1554643.2,1366959.9,69187.2,41718.0,69187.2,27469.2
995,874,1556207.2,1366959.9,69353.8,41718.0,69353.8,27635.8
996,874,1557771.3,1366959.9,69533.2,41718.0,69533.2,27815.2
997,874,1559335.3,1366959.9,69712.7,41718.0,69712.7,27994.7
998,874,1560899.3,1366959.9,69885.7,41718.0,69885.7,28167.7
999,874,1562463.3,1366959.9,70039.5,41718.0,70039.5,28321.5
1000,874,1564027.4,1366959.9,70165.6,41718.0,70165.6,28447.6
1001,874,1565591.4,1366959.9,70251.0,41718.0,70251.0,28533.0
1002,874,1567155.4,1366959.9,70325.8,41718.0,70325.8,28607.8
1003,874,1568719.5,1366959.9,70407.0,41718.0,70407.0,28689.0
1004,874,1570283.5,1366959.9,70490.3,41718.0,70490.3,28772.3
1005,874,1571847.5,1366959.9,70569.3,41718.0,70569.3,28851.3
1006,874,1573411.5,1366959.9,70637.7,41718.0,70637.7,28919.7
1007,874,1574975.6,1366959.9,70682.5,41718.0,70682.5,28964.5
1008,874,1576539.6,1366959.9,70695.4,41718.0,70695.4,28977.4
1009,874,1578103.6,1366959.9,70678.3,41718.0,70678.3,28960.3
1010,874,1579667.6,1366959.9,70635.5,41718.0,70635.5,28917.5
1011,874,1581231.7,1366959.9,70575.7,41718.0,70575.7,28857.7
1012,874,1582795.7,1366959.9,70505.2,41718.0,70505.2,28787.2
1013,874,1584359.7,1366959.9,70417.6,41718.0,70417.6,28699.6
1014,874,1585923.8,1366959.9,70313.0,41718.0,70313.0,28595.0
1015,874,1587487.8,1366959.9,70197.6,41718.0,70197.6,28479.6
1016,874,1589051.8,1366959.9,70075.8,41718.0,70075.8,28357.8
1017,874,1590615.8,1366959.9,69949.8,41718.0,69949.8,28231.8
1018,874,1592179.9,1366959.9,69823.8,41718.0,69823.8,28105.8
1019,874,1593743.9,1366959.9,69697.7,41718.0,69697.7,27979.7
1020,874,1595307.9,1366959.9,69576.0,41718.0,69576.0,27858.0
1021,874,1596871.9,1366959.9,69462.7,41718.0,69462.7,27744.7
1022,874,1598436.0,1366959.9,69364.5,41718.0,69364.5,27646.5
1023,874,1600000.0,1366959.9,69311.1,41718.0,69311.1,27593.1
992,875,1551515.2,1368523.9,68864.6,41718.0,68864.6,27146.6
993,875,1553079.2,1368523.9,68999.2,41718.0,68999.2,27281.2
994,875,1554643.2,1368523.9,69163.7,41718.0,69163.7,27445.7
995,875,1556207.2,1368523.9,69349.5,41718.0,69349.5,27631.5
996,875,1557771.3,1368523.9,69543.9,41718.0,69543.9,27825.9
997,875,1559335.3,1368523.9,69738.3,41718.0,69738.3,28020.3
998,875,1560899.3,1368523.9,69919.9,41718.0,69919.9,28201.9
999,875,1562463.3,1368523.9,70080.1,41718.0,70080.1,28362.1
1000,875,1564027.4,1368523.9,70208.3,41718.0,70208.3,28490.3
1001,875,1565591.4,1368523.9,70289.5,41718.0,70289.5,28571.5
1002,875,1567155.4,1368523.9,70364.2,41718.0,70364.2,28646.2
1003,875,1568719.5,1368523.9,70434.7,41718.0,70434.7,28716.7
1004,875,1570283.5,1368523.9,70496.7,41718.0,70496.7,28778.7
1005,875,1571847.5,1368523.9,70548.0,41718.0,70548.0,28830.0
1006,875,1573411.5,1368523.9,70580.0,41718.0,70580.0,28862.0
1007,875,1574975.6,1368523.9,70586.4,41718.0,70586.4,28868.4
1008,875,1576539.6,1368523.9,70558.6,41718.0,70558.6,28840.6
1009,875,1578103.6,1368523.9,70505.2,41718.0,70505.2,28787.2
1010,875,1579667.6,1368523.9,70434.7,41718.0,70434.7,28716.7
1011,875,1581231.7,1368523.9,70353.6,41718.0,70353.6,28635.6
1012,875,1582795.7,1368523.9,70272.4,41718.0,70272.4,28554.4
1013,875,1584359.7,1368523.9,70174.1,41718.0,70174.1,28456.1
1014,875,1585923.8,1368523.9,70060.9,41718.0,70060.9,28342.9
1015,875,1587487.8,1368523.9,69939.1,41718.0,69939.1,28221.1
1016,875,1589051.8,1368523.9,69813.1,41718.0,69813.1,28095.1
1017,875,1590615.8,1368523.9,69687.0,41718.0,69687.0,27969.0
1018,875,1592179.9,1368523.9,69563.1,41718.0,69563.1,27845.1
1019,875,1593743.9,1368523.9,69437.1,41718.0,69437.1,27719.1
1020,875,1595307.9,1368523.9,69317.5,41718.0,69317.5,27599.5
1021,875,1596871.9,1368523.9,69206.4,41718.0,69206.4,27488.4
1022,875,1598436.0,1368523.9,69112.4,41718.0,69112.4,27394.4
1023,875,1600000.0,1368523.9,69073.9,41718.0,69073.9,27355.9
992,876,1551515.2,1370088.0,68832.5,41718.0,68832.5,27114.5
993,876,1553079.2,1370088.0,68990.6,41718.0,68990.6,27272.6
994,876,1554643.2,1370088.0,69174.3,41718.0,69174.3,27456.3
995,876,1556207.2,1370088.0,69377.3,41718.0,69377.3,27659.3
996,876,1557771.3,1370088.0,69586.6,41718.0,69586.6,27868.6
997,876,1559335.3,1370088.0,69791.7,41718.0,69791.7,28073.7
998,876,1560899.3,1370088.0,69979.7,41718.0,69979.7,28261.7
999,876,1562463.3,1370088.0,70139.9,41718.0,70139.9,28421.9
1000,876,1564027.4,1370088.0,70263.8,41718.0,70263.8,28545.8
1001,876,1565591.4,1370088.0,70340.7,41718.0,70340.7,28622.7
1002,876,1567155.4,1370088.0,70404.8,41718.0,70404.8,28686.8
1003,876,1568719.5,1370088.0,70456.1,41718.0,70456.1,28738.1
1004,876,1570283.5,1370088.0,70492.4,41718.0,70492.4,28774.4
1005,876,1571847.5,1370088.0,70507.4,41718.0,70507.4,28789.4
1006,876,1573411.5,1370088.0,70503.1,41718.0,70503.1,28785.1
1007,876,1574975.6,1370088.0,70464.6,41718.0,70464.6,28746.6
1008,876,1576539.6,1370088.0,70400.5,41718.0,70400.5,28682.5
1009,876,1578103.6,1370088.0,70313.0,41718.0,70313.0,28595.0
1010,876,1579667.6,1370088.0,70216.8,41718.0,70216.8,28498.8
1011,876,1581231.7,1370088.0,70120.7,41718.0,70120.7,28402.7
1012,876,1582795.7,1370088.0,70028.8,41718.0,70028.8,28310.8
1013,876,1584359.7,1370088.0,69922.0,41718.0,69922.0,28204.0
1014,876,1585923.8,1370088.0,69804.5,41718.0,69804.5,28086.5
1015,876,1587487.8,1370088.0,69680.6,41718.0,69680.6,27962.6
1016,876,1589051.8,1370088.0,69554.6,41718.0,69554.6,27836.6
1017,876,1590615.8,1370088.0,69432.8,41718.0,69432.8,27714.8
1018,876,1592179.9,1370088.0,69311.1,41718.0,69311.1,27593.1
1019,876,1593743.9,1370088.0,69189.3,41718.0,69189.3,27471.3
1020,876,1595307.9,1370088.0,69071.8,41718.0,69071.8,27353.8
1021,876,1596871.9,1370088.0,68965.0,41718.0,68965.0,27247.0
1022,876,1598436.0,1370088.0,68881.7,41718.0,68881.7,27163.7
1023,876,1600000.0,1370088.0,68856.0,41718.0,68856.0,27138.0
992,877,1551515.2,1371652.0,68832.5,41718.0,68832.5,27114.5
993,877,1553079.2,1371652.0,69009.8,41718.0,69009.8,27291.8
994,877,1554643.2,1371652.0,69212.8,41718.0,69212.8,27494.8
995,877,1556207.2,1371652.0,69430.7,41718.0,69430.7,27712.7
996,877,1557771.3,1371652.0,69650.7,41718.0,69650.7,27932.7
997,877,1559335.3,1371652.0,69862.2,41718.0,69862.2,28144.2
998,877,1560899.3,1371652.0,70052.3,41718.0,70052.3,28334.3
999,877,1562463.3,1371652.0,70210.4,41718.0,70210.4,28492.4
1000,877,1564027.4,1371652.0,70323.6,41718.0,70323.6,28605.6
1001,877,1565591.4,1371652.0,70389.9,41718.0,70389.9,28671.9
1002,877,1567155.4,1371652.0,70436.9,41718.0,70436.9,28718.9
1003,877,1568719.5,1371652.0,70462.5,41718.0,70462.5,28744.5
1004,877,1570283.5,1371652.0,70464.6,41718.0,70464.6,28746.6
1005,877,1571847.5,1371652.0,70445.4,41718.0,70445.4,28727.4
1006,877,1573411.5,1371652.0,70398.4,41718.0,70398.4,28680.4
1007,877,1574975.6,1371652.0,70321.5,41718.0,70321.5,28603.5
1008,877,1576539.6,1371652.0,70221.1,41718.0,70221.1,28503.1
1009,877,1578103.6,1371652.0,70105.7,41718.0,70105.7,28387.7
1010,877,1579667.6,1371652.0,69988.3,41718.0,69988.3,28270.3
1011,877,1581231.7,1371652.0,69885.7,41718.0,69885.7,28167.7
1012,877,1582795.7,1371652.0,69785.3,41718.0,69785.3,28067.3
1013,877,1584359.7,1371652.0,69674.2,41718.0,69674.2,27956.2
1014,877,1585923.8,1371652.0,69552.5,41718.0,69552.5,27834.5
1015,877,1587487.8,1371652.0,69428.5,41718.0,69428.5,27710.5
1016,877,1589051.8,1371652.0,69306.8,41718.0,69306.8,27588.8
1017,877,1590615.8,1371652.0,69191.4,41718.0,69191.4,27473.4
1018,877,1592179.9,1371652.0,69073.9,41718.0,69073.9,27355.9
1019,877,1593743.9,1371652.0,68958.6,41718.0,68958.6,27240.6
1020,877,1595307.9,1371652.0,68845.3,41718.0,68845.3,27127.3
1021,877,1596871.9,1371652.0,68744.9,41718.0,68744.9,27026.9
1022,877,1598436.0,1371652.0,68672.3,41718.0,68672.3,26954.3
1023,877,1600000.0,1371652.0,68655.2,41718.0,68655.2,26937.2
992,878,1551515.2,1373216.0,68856.0,41718.0,68856.0,27138.0
993,878,1553079.2,1373216.0,69052.6,41718.0,69052.6,27334.6
994,878,1554643.2,1373216.0,69272.6,41718.0,69272.6,27554.6
995,878,1556207.2,1373216.0,69496.9,41718.0,69496.9,27778.9
996,878,1557771.3,1373216.0,69691.3,41718.0,69691.3,27973.3
997,878,1559335.3,1373216.0,69883.6,41718.0,69883.6,28165.6
998,878,1560899.3,1373216.0,70063.0,41718.0,70063.0,28345.0
999,878,1562463.3,1373216.0,70216.8,41718.0,70216.8,28498.8
1000,878,1564027.4,1373216.0,70332.2,41718.0,70332.2,28614.2
1001,878,1565591.4,1373216.0,70413.4,41718.0,70413.4,28695.4
1002,878,1567155.4,1373216.0,70451.8,41718.0,70451.8,28733.8
1003,878,1568719.5,1373216.0,70445.4,41718.0,70445.4,28727.4
1004,878,1570283.5,1373216.0,70413.4,41718.0,70413.4,28695.4
1005,878,1571847.5,1373216.0,70355.7,41718.0,70355.7,28637.7
1006,878,1573411.5,1373216.0,70270.2,41718.0,70270.2,28552.2
1007,878,1574975.6,1373216.0,70157.0,41718.0,70157.0,28439.0
1008,878,1576539.6,1373216.0,70024.6,41718.0,70024.6,28306.6
1009,878,1578103.6,1373216.0,69887.8,41718.0,69887.8,28169.8
1010,878,1579667.6,1373216.0,69757.5,41718.0,69757.5,28039.5
1011,878,1581231.7,1373216.0,69652.9,41718.0,69652.9,27934.9
1012,878,1582795.7,1373216.0,69548.2,41718.0,69548.2,27830.2
1013,878,1584359.7,1373216.0,69432.8,41718.0,69432.8,27714.8
1014,878,1585923.8,1373216.0,69313.2,41718.0,69313.2,27595.2
1015,878,1587487.8,1373216.0,69193.6,41718.0,69193.6,27475.6
1016,878,1589051.8,1373216.0,69078.2,41718.0,69078.2,27360.2
1017,878,1590615.8,1373216.0,68967.1,41718.0,68967.1,27249.1
1018,878,1592179.9,1373216.0,68853.9,41718.0,68853.9,27135.9
1019,878,1593743.9,1373216.0,68742.8,41718.0,68742.8,27024.8
1020,878,1595307.9,1373216.0,68636.0,41718.0,68636.0,26918.0
1021,878,1596871.9,1373216.0,68539.9,41718.0,68539.9,26821.9
1022,878,1598436.0,1373216.0,68475.8,41718.0,68475.8,26757.8
1023,878,1600000.0,1373216.0,68456.5,41718.0,68456.5,26738.5
992,879,1551515.2,1374780.1,68764.2,41718.0,68764.2,27046.2
993,879,1553079.2,1374780.1,68935.1,41718.0,68935.1,27217.1
994,879,1554643.2,1374780.1,69131.6,41718.0,69131.6,27413.6
995,879,1556207.2,1374780.1,69347.4,41718.0,69347.4,27629.4
996,879,1557771.3,1374780.1,69567.4,41718.0,69567.4,27849.4
997,879,1559335.3,1374780.1,69781.0,41718.0,69781.0,28063.0
998,879,1560899.3,1374780.1,69975.4,41718.0,69975.4,28257.4
999,879,1562463.3,1374780.1,70139.9,41718.0,70139.9,28421.9
1000,879,1564027.4,1374780.1,70261.7,41718.0,70261.7,28543.7
1001,879,1565591.4,1374780.1,70349.3,41718.0,70349.3,28631.3
1002,879,1567155.4,1374780.1,70415.5,41718.0,70415.5,28697.5
1003,879,1568719.5,1374780.1,70396.3,41718.0,70396.3,28678.3
1004,879,1570283.5,1374780.1,70330.1,41718.0,70330.1,28612.1
1005,879,1571847.5,1374780.1,70236.1,41718.0,70236.1,28518.1
1006,879,1573411.5,1374780.1,70116.4,41718.0,70116.4,28398.4
1007,879,1574975.6,1374780.1,69973.3,41718.0,69973.3,28255.3
1008,879,1576539.6,1374780.1,69819.5,41718.0,69819.5,28101.5
1009,879,1578103.6,1374780.1,69667.8,41718.0,69667.8,27949.8
1010,879,1579667.6,1374780.1,69533.2,41718.0,69533.2,27815.2
1011,879,1581231.7,1374780.1,69428.5,41718.0,69428.5,27710.5
1012,879,1582795.7,1374780.1,69321.7,41718.0,69321.7,27603.7
1013,879,1584359.7,1374780.1,69204.2,41718.0,69204.2,27486.2
1014,879,1585923.8,1374780.1,69080.3,41718.0,69080.3,27362.3
1015,879,1587487.8,1374780.1,68958.6,41718.0,68958.6,27240.6
1016,879,1589051.8,1374780.1,68845.3,41718.0,68845.3,27127.3
1017,879,1590615.8,1374780.1,68740.7,41718.0,68740.7,27022.7
1018,879,1592179.9,1374780.1,68633.9,41718.0,68633.9,26915.9
1019,879,1593743.9,1374780.1,68531.3,41718.0,68531.3,26813.3
1020,879,1595307.9,1374780.1,68435.2,41718.0,68435.2,26717.2
1021,879,1596871.9,1374780.1,68345.5,41718.0,68345.5,26627.5
1022,879,1598436.0,1374780.1,68281.4,41718.0,68281.4,26563.4
1023,879,1600000.0,1374780.1,68245.1,41718.0,68245.1,26527.1
992,880,1551515.2,1376344.1,68535.6,41718.0,68535.6,26817.6
993,880,1553079.2,1376344.1,68734.3,41718.0,68734.3,27016.3
994,880,1554643.2,1376344.1,68960.7,41718.0,68960.7,27242.7
995,880,1556207.2,1376344.1,69200.0,41718.0,69200.0,27482.0
996,880,1557771.3,1376344.1,69439.2,41718.0,69439.2,27721.2
997,880,1559335.3,1376344.1,69667.8,41718.0,69667.8,27949.8
998,880,1560899.3,1376344.1,69872.9,41718.0,69872.9,28154.9
999,880,1562463.3,1376344.1,70045.9,41718.0,70045.9,28327.9
1000,880,1564027.4,1376344.1,70169.8,41718.0,70169.8,28451.8
1001,880,1565591.4,1376344.1,70259.6,41718.0,70259.6,28541.6
1002,880,1567155.4,1376344.1,70323.6,41718.0,70323.6,28605.6
1003,880,1568719.5,1376344.1,70310.8,41718.0,70310.8,28592.8
1004,880,1570283.5,1376344.1,70212.6,41718.0,70212.6,28494.6
1005,880,1571847.5,1376344.1,70088.7,41718.0,70088.7,28370.7
1006,880,1573411.5,1376344.1,69939.1,41718.0,69939.1,28221.1
1007,880,1574975.6,1376344.1,69776.8,41718.0,69776.8,28058.8
1008,880,1576539.6,1376344.1,69608.0,41718.0,69608.0,27890.0
1009,880,1578103.6,1376344.1,69449.9,41718.0,69449.9,27731.9
1010,880,1579667.6,1376344.1,69311.1,41718.0,69311.1,27593.1
1011,880,1581231.7,1376344.1,69195.7,41718.0,69195.7,27477.7
1012,880,1582795.7,1376344.1,69073.9,41718.0,69073.9,27355.9
1013,880,1584359.7,1376344.1,68945.8,41718.0,68945.8,27227.8
1014,880,1585923.8,1376344.1,68817.6,41718.0,68817.6,27099.6
1015,880,1587487.8,1376344.1,68700.1,41718.0,68700.1,26982.1
1016,880,1589051.8,1376344.1,68597.5,41718.0,68597.5,26879.5
1017,880,1590615.8,1376344.1,68505.7,41718.0,68505.7,26787.7
1018,880,1592179.9,1376344.1,68413.8,41718.0,68413.8,26695.8
1019,880,1593743.9,1376344.1,68322.0,41718.0,68322.0,26604.0
1020,880,1595307.9,1376344.1,68232.2,41718.0,68232.2,26514.2
1021,880,1596871.9,1376344.1,68142.5,41718.0,68142.5,26424.5
1022,880,1598436.0,1376344.1,68069.9,41718.0,68069.9,26351.9
1023,880,1600000.0,1376344.1,68005.8,41718.0,68005.8,26287.8
992,881,1551515.2,1377908.1,68309.1,41718.0,68309.1,26591.1
993,881,1553079.2,1377908.1,68535.6,41718.0,68535.6,26817.6
994,881,1554643.2,1377908.1,68783.4,41718.0,68783.4,27065.4
995,881,1556207.2,1377908.1,69041.9,41718.0,69041.9,27323.9
996,881,1557771.3,1377908.1,69296.1,41718.0,69296.1,27578.1
997,881,1559335.3,1377908.1,69537.5,41718.0,69537.5,27819.5
998,881,1560899.3,1377908.1,69751.1,41718.0,69751.1,28033.1
999,881,1562463.3,1377908.1,69924.2,41718.0,69924.2,28206.2
1000,881,1564027.4,1377908.1,70048.1,41718.0,70048.1,28330.1
1001,881,1565591.4,1377908.1,70137.8,41718.0,70137.8,28419.8
1002,881,1567155.4,1377908.1,70197.6,41718.0,70197.6,28479.6
1003,881,1568719.5,1377908.1,70182.7,41718.0,70182.7,28464.7
1004,881,1570283.5,1377908.1,70056.6,41718.0,70056.6,28338.6
1005,881,1571847.5,1377908.1,69907.1,41718.0,69907.1,28189.1
1006,881,1573411.5,1377908.1,69736.2,41718.0,69736.2,28018.2
1007,881,1574975.6,1377908.1,69550.3,41718.0,69550.3,27832.3
1008,881,1576539.6,1377908.1,69366.6,41718.0,69366.6,27648.6
1009,881,1578103.6,1377908.1,69193.6,41718.0,69193.6,27475.6
1010,881,1579667.6,1377908.1,69041.9,41718.0,69041.9,27323.9
1011,881,1581231.7,1377908.1,68913.7,41718.0,68913.7,27195.7
1012,881,1582795.7,1377908.1,68781.3,41718.0,68781.3,27063.3
1013,881,1584359.7,1377908.1,68648.8,41718.0,68648.8,26930.8
1014,881,1585923.8,1377908.1,68527.0,41718.0,68527.0,26809.0
1015,881,1587487.8,1377908.1,68420.2,41718.0,68420.2,26702.2
1016,881,1589051.8,1377908.1,68334.8,41718.0,68334.8,26616.8
1017,881,1590615.8,1377908.1,68257.9,41718.0,68257.9,26539.9
1018,881,1592179.9,1377908.1,68181.0,41718.0,68181.0,26463.0
1019,881,1593743.9,1377908.1,68099.8,41718.0,68099.8,26381.8
1020,881,1595307.9,1377908.1,68014.3,41718.0,68014.3,26296.3
1021,881,1596871.9,1377908.1,67922.5,41718.0,67922.5,26204.5
1022,881,1598436.0,1377908.1,67828.5,41718.0,67828.5,26110.5
1023,881,1600000.0,1377908.1,67730.2,41718.0,67730.2,26012.2
992,882,1551515.2,1379472.1,68080.6,41718.0,68080.6,26362.6
993,882,1553079.2,1379472.1,68328.4,41718.0,68328.4,26610.4
994,882,1554643.2,1379472.1,68595.4,41718.0,68595.4,26877.4
995,882,1556207.2,1379472.1,68866.7,41718.0,68866.7,27148.7
996,882,1557771.3,1379472.1,69133.7,41718.0,69133.7,27415.7
997,882,1559335.3,1379472.1,69379.4,41718.0,69379.4,27661.4
998,882,1560899.3,1379472.1,69595.2,41718.0,69595.2,27877.2
999,882,1562463.3,1379472.1,69766.1,41718.0,69766.1,28048.1
1000,882,1564027.4,1379472.1,69885.7,41718.0,69885.7,28167.7
1001,882,1565591.4,1379472.1,69969.0,41718.0,69969.0,28251.0
1002,882,1567155.4,1379472.1,70024.6,41718.0,70024.6,28306.6
1003,882,1568719.5,1379472.1,69994.7,41718.0,69994.7,28276.7
1004,882,1570283.5,1379472.1,69836.6,41718.0,69836.6,28118.6
1005,882,1571847.5,1379472.1,69659.3,41718.0,69659.3,27941.3
1006,882,1573411.5,1379472.1,69464.9,41718.0,69464.9,27746.9
1007,882,1574975.6,1379472.1,69264.1,41718.0,69264.1,27546.1
1008,882,1576539.6,1379472.1,69065.4,41718.0,69065.4,27347.4
1009,882,1578103.6,1379472.1,68881.7,41718.0,68881.7,27163.7
1010,882,1579667.6,1379472.1,68725.7,41718.0,68725.7,27007.7
1011,882,1581231.7,1379472.1,68584.7,41718.0,68584.7,26866.7
1012,882,1582795.7,1379472.1,68445.9,41718.0,68445.9,26727.9
1013,882,1584359.7,1379472.1,68317.7,41718.0,68317.7,26599.7
1014,882,1585923.8,1379472.1,68206.6,41718.0,68206.6,26488.6
1015,882,1587487.8,1379472.1,68119.0,41718.0,68119.0,26401.0
1016,882,1589051.8,1379472.1,68052.8,41718.0,68052.8,26334.8
1017,882,1590615.8,1379472.1,67995.1,41718.0,67995.1,26277.1
1018,882,1592179.9,1379472.1,67931.0,41718.0,67931.0,26213.0
1019,882,1593743.9,1379472.1,67860.5,41718.0,67860.5,26142.5
1020,882,1595307.9,1379472.1,67775.1,41718.0,67775.1,26057.1
1021,882,1596871.9,1379472.1,67672.5,41718.0,67672.5,25954.5
1022,882,1598436.0,1379472.1,67552.9,41718.0,67552.9,25834.9
1023,882,1600000.0,1379472.1,67411.9,41718.0,67411.9,25693.9
992,883,1551515.2,1381036.2,67841.3,41718.0,67841.3,26123.3
993,883,1553079.2,1381036.2,68104.1,41718.0,68104.1,26386.1
994,883,1554643.2,1381036.2,68383.9,41718.0,68383.9,26665.9
995,883,1556207.2,1381036.2,68665.9,41718.0,68665.9,26947.9
996,883,1557771.3,1381036.2,68935.1,41718.0,68935.1,27217.1
997,883,1559335.3,1381036.2,69178.6,41718.0,69178.6,27460.6
998,883,1560899.3,1381036.2,69385.8,41718.0,69385.8,27667.8
999,883,1562463.3,1381036.2,69543.9,41718.0,69543.9,27825.9
1000,883,1564027.4,1381036.2,69650.7,41718.0,69650.7,27932.7
1001,883,1565591.4,1381036.2,69723.4,41718.0,69723.4,28005.4
1002,883,1567155.4,1381036.2,69772.5,41718.0,69772.5,28054.5
1003,883,1568719.5,1381036.2,69716.9,41718.0,69716.9,27998.9
1004,883,1570283.5,1381036.2,69537.5,41718.0,69537.5,27819.5
1005,883,1571847.5,1381036.2,69341.0,41718.0,69341.0,27623.0
1006,883,1573411.5,1381036.2,69129.5,41718.0,69129.5,27411.5
1007,883,1574975.6,1381036.2,68918.0,41718.0,68918.0,27200.0
1008,883,1576539.6,1381036.2,68712.9,41718.0,68712.9,26994.9
1009,883,1578103.6,1381036.2,68524.9,41718.0,68524.9,26806.9
1010,883,1579667.6,1381036.2,68360.4,41718.0,68360.4,26642.4
1011,883,1581231.7,1381036.2,68213.0,41718.0,68213.0,26495.0
1012,883,1582795.7,1381036.2,68076.3,41718.0,68076.3,26358.3
1013,883,1584359.7,1381036.2,67956.7,41718.0,67956.7,26238.7
1014,883,1585923.8,1381036.2,67862.7,41718.0,67862.7,26144.7
1015,883,1587487.8,1381036.2,67796.4,41718.0,67796.4,26078.4
1016,883,1589051.8,1381036.2,67753.7,41718.0,67753.7,26035.7
1017,883,1590615.8,1381036.2,67713.1,41718.0,67713.1,25995.1
1018,883,1592179.9,1381036.2,67661.9,41718.0,67661.9,25943.9
1019,883,1593743.9,1381036.2,67595.6,41718.0,67595.6,25877.6
1020,883,1595307.9,1381036.2,67505.9,41718.0,67505.9,25787.9
1021,883,1596871.9,1381036.2,67388.4,41718.0,67388.4,25670.4
1022,883,1598436.0,1381036.2,67236.7,41718.0,67236.7,25518.7
1023,883,1600000.0,1381036.2,67050.9,41718.0,67050.9,25332.9
992,884,1551515.2,1382600.2,67580.7,41718.0,67580.7,25862.7
993,884,1553079.2,1382600.2,67854.1,41718.0,67854.1,26136.1
994,884,1554643.2,1382600.2,68136.1,41718.0,68136.1,26418.1
995,884,1556207.2,1382600.2,68413.8,41718.0,68413.8,26695.8
996,884,1557771.3,1382600.2,68672.3,41718.0,68672.3,26954.3
997,884,1559335.3,1382600.2,68903.0,41718.0,68903.0,27185.0
998,884,1560899.3,1382600.2,69095.3,41718.0,69095.3,27377.3
999,884,1562463.3,1382600.2,69234.1,41718.0,69234.1,27516.1
1000,884,1564027.4,1382600.2,69330.3,41718.0,69330.3,27612.3
1001,884,1565591.4,1382600.2,69396.5,41718.0,69396.5,27678.5
1002,884,1567155.4,1382600.2,69443.5,41718.0,69443.5,27725.5
1003,884,1568719.5,1382600.2,69362.3,41718.0,69362.3,27644.3
1004,884,1570283.5,1382600.2,69163.7,41718.0,69163.7,27445.7
1005,884,1571847.5,1382600.2,68956.4,41718.0,68956.4,27238.4
1006,884,1573411.5,1382600.2,68738.5,41718.0,68738.5,27020.5
1007,884,1574975.6,1382600.2,68520.6,41718.0,68520.6,26802.6
1008,884,1576539.6,1382600.2,68313.4,41718.0,68313.4,26595.4
1009,884,1578103.6,1382600.2,68123.3,41718.0,68123.3,26405.3
1010,884,1579667.6,1382600.2,67954.5,41718.0,67954.5,26236.5
1011,884,1581231.7,1382600.2,67805.0,41718.0,67805.0,26087.0
1012,884,1582795.7,1382600.2,67674.7,41718.0,67674.7,25956.7
1013,884,1584359.7,1382600.2,67572.1,41718.0,67572.1,25854.1
1014,884,1585923.8,1382600.2,67499.5,41718.0,67499.5,25781.5
1015,884,1587487.8,1382600.2,67456.8,41718.0,67456.8,25738.8
1016,884,1589051.8,1382600.2,67435.4,41718.0,67435.4,25717.4
1017,884,1590615.8,1382600.2,67409.8,41718.0,67409.8,25691.8
1018,884,1592179.9,1382600.2,67367.1,41718.0,67367.1,25649.1
1019,884,1593743.9,1382600.2,67300.8,41718.0,67300.8,25582.8
1020,884,1595307.9,1382600.2,67204.7,41718.0,67204.7,25486.7
1021,884,1596871.9,1382600.2,67061.6,41718.0,67061.6,25343.6
1022,884,1598436.0,1382600.2,66875.7,41718.0,66875.7,25157.7
1023,884,1600000.0,1382600.2,66649.3,41718.0,66649.3,24931.3
992,885,1551515.2,1384164.2,67281.6,41718.0,67281.6,25563.6
993,885,1553079.2,1384164.2,67550.8,41718.0,67550.8,25832.8
994,885,1554643.2,1384164.2,67826.4,41718.0,67826.4,26108.4
995,885,1556207.2,1384164.2,68089.1,41718.0,68089.1,26371.1
996,885,1557771.3,1384164.2,68334.8,41718.0,68334.8,26616.8
997,885,1559335.3,1384164.2,68548.4,41718.0,68548.4,26830.4
998,885,1560899.3,1384164.2,68721.4,41718.0,68721.4,27003.4
999,885,1562463.3,1384164.2,68845.3,41718.0,68845.3,27127.3
1000,885,1564027.4,1384164.2,68932.9,41718.0,68932.9,27214.9
1001,885,1565591.4,1384164.2,68999.2,41718.0,68999.2,27281.2
1002,885,1567155.4,1384164.2,69048.3,41718.0,69048.3,27330.3
1003,885,1568719.5,1384164.2,68937.2,41718.0,68937.2,27219.2
1004,885,1570283.5,1384164.2,68732.1,41718.0,68732.1,27014.1
1005,885,1571847.5,1384164.2,68518.5,41718.0,68518.5,26800.5
1006,885,1573411.5,1384164.2,68300.6,41718.0,68300.6,26582.6
1007,885,1574975.6,1384164.2,68084.8,41718.0,68084.8,26366.8
1008,885,1576539.6,1384164.2,67877.6,41718.0,67877.6,26159.6
1009,885,1578103.6,1384164.2,67687.5,41718.0,67687.5,25969.5
1010,885,1579667.6,1384164.2,67514.5,41718.0,67514.5,25796.5
1011,885,1581231.7,1384164.2,67369.2,41718.0,67369.2,25651.2
1012,885,1582795.7,1384164.2,67251.7,41718.0,67251.7,25533.7
1013,885,1584359.7,1384164.2,67168.4,41718.0,67168.4,25450.4
1014,885,1585923.8,1384164.2,67117.1,41718.0,67117.1,25399.1
1015,885,1587487.8,1384164.2,67100.0,41718.0,67100.0,25382.0
1016,885,1589051.8,1384164.2,67095.8,41718.0,67095.8,25377.8
1017,885,1590615.8,1384164.2,67080.8,41718.0,67080.8,25362.8
1018,885,1592179.9,1384164.2,67042.3,41718.0,67042.3,25324.3
1019,885,1593743.9,1384164.2,66971.8,41718.0,66971.8,25253.8
1020,885,1595307.9,1384164.2,66858.6,41718.0,66858.6,25140.6
1021,885,1596871.9,1384164.2,66689.9,41718.0,66689.9,24971.9
1022,885,1598436.0,1384164.2,66467.7,41718.0,66467.7,24749.7
1023,885,1600000.0,1384164.2,66211.3,41718.0,66211.3,24493.3
992,886,1551515.2,1385728.3,66939.8,41718.0,66939.8,25221.8
993,886,1553079.2,1385728.3,67198.3,41718.0,67198.3,25480.3
994,886,1554643.2,1385728.3,67456.8,41718.0,67456.8,25738.8
995,886,1556207.2,1385728.3,67702.4,41718.0,67702.4,25984.4
996,886,1557771.3,1385728.3,67924.6,41718.0,67924.6,26206.6
997,886,1559335.3,1385728.3,68119.0,41718.0,68119.0,26401.0
998,886,1560899.3,1385728.3,68275.0,41718.0,68275.0,26557.0
999,886,1562463.3,1385728.3,68388.2,41718.0,68388.2,26670.2
1000,886,1564027.4,1385728.3,68473.6,41718.0,68473.6,26755.6
1001,886,1565591.4,1385728.3,68542.0,41718.0,68542.0,26824.0
1002,886,1567155.4,1385728.3,68601.8,41718.0,68601.8,26883.8
1003,886,1568719.5,1385728.3,68458.7,41718.0,68458.7,26740.7
1004,886,1570283.5,1385728.3,68253.6,41718.0,68253.6,26535.6
1005,886,1571847.5,1385728.3,68042.1,41718.0,68042.1,26324.1
1006,886,1573411.5,1385728.3,67828.5,41718.0,67828.5,26110.5
1007,886,1574975.6,1385728.3,67617.0,41718.0,67617.0,25899.0
1008,886,1576539.6,1385728.3,67414.1,41718.0,67414.1,25696.1
1009,886,1578103.6,1385728.3,67223.9,41718.0,67223.9,25505.9
1010,886,1579667.6,1385728.3,67053.0,41718.0,67053.0,25335.0
1011,886,1581231.7,1385728.3,66914.2,41718.0,66914.2,25196.2
1012,886,1582795.7,1385728.3,66813.8,41718.0,66813.8,25095.8
1013,886,1584359.7,1385728.3,66749.7,41718.0,66749.7,25031.7
1014,886,1585923.8,1385728.3,66721.9,41718.0,66721.9,25003.9
1015,886,1587487.8,1385728.3,66726.2,41718.0,66726.2,25008.2
1016,886,1589051.8,1385728.3,66732.6,41718.0,66732.6,25014.6
1017,886,1590615.8,1385728.3,66719.8,41718.0,66719.8,25001.8
1018,886,1592179.9,1385728.3,66677.0,41718.0,66677.0,24959.0
1019,886,1593743.9,1385728.3,66593.7,41718.0,66593.7,24875.7
1020,886,1595307.9,1385728.3,66459.1,41718.0,66459.1,24741.1
1021,886,1596871.9,1385728.3,66262.6,41718.0,66262.6,24544.6
1022,886,1598436.0,1385728.3,66016.9,41718.0,66016.9,24298.9
1023,886,1600000.0,1385728.3,65737.1,41718.0,65737.1,24019.1
992,887,1551515.2,1387292.3,66553.1,41718.0,66553.1,24835.1
993,887,1553079.2,1387292.3,66792.4,41718.0,66792.4,25074.4
994,887,1554643.2,1387292.3,67027.4,41718.0,67027.4,25309.4
995,887,1556207.2,1387292.3,67247.4,41718.0,67247.4,25529.4
996,887,1557771.3,1387292.3,67450.4,41718.0,67450.4,25732.4
997,887,1559335.3,1387292.3,67625.5,41718.0,67625.5,25907.5
998,887,1560899.3,1387292.3,67768.7,41718.0,67768.7,26050.7
999,887,1562463.3,1387292.3,67875.5,41718.0,67875.5,26157.5
1000,887,1564027.4,1387292.3,67965.2,41718.0,67965.2,26247.2
1001,887,1565591.4,1387292.3,68044.3,41718.0,68044.3,26326.3
1002,887,1567155.4,1387292.3,68121.2,41718.0,68121.2,26403.2
1003,887,1568719.5,1387292.3,67941.7,41718.0,67941.7,26223.7
1004,887,1570283.5,1387292.3,67743.0,41718.0,67743.0,26025.0
1005,887,1571847.5,1387292.3,67538.0,41718.0,67538.0,25820.0
1006,887,1573411.5,1387292.3,67330.7,41718.0,67330.7,25612.7
1007,887,1574975.6,1387292.3,67127.8,41718.0,67127.8,25409.8
1008,887,1576539.6,1387292.3,66931.3,41718.0,66931.3,25213.3
1009,887,1578103.6,1387292.3,66741.1,41718.0,66741.1,25023.1
1010,887,1579667.6,1387292.3,66574.5,41718.0,66574.5,24856.5
1011,887,1581231.7,1387292.3,66450.6,41718.0,66450.6,24732.6
1012,887,1582795.7,1387292.3,66367.3,41718.0,66367.3,24649.3
1013,887,1584359.7,1387292.3,66322.4,41718.0,66322.4,24604.4
1014,887,1585923.8,1387292.3,66313.9,41718.0,66313.9,24595.9
1015,887,1587487.8,1387292.3,66331.0,41718.0,66331.0,24613.0
1016,887,1589051.8,1387292.3,66341.6,41718.0,66341.6,24623.6
1017,887,1590615.8,1387292.3,66322.4,41718.0,66322.4,24604.4
1018,887,1592179.9,1387292.3,66266.9,41718.0,66266.9,24548.9
1019,887,1593743.9,1387292.3,66160.1,41718.0,66160.1,24442.1
1020,887,1595307.9,1387292.3,65995.6,41718.0,65995.6,24277.6
1021,887,1596871.9,1387292.3,65764.9,41718.0,65764.9,24046.9
1022,887,1598436.0,1387292.3,65491.4,41718.0,65491.4,23773.4
1023,887,1600000.0,1387292.3,65198.7,41718.0,65198.7,23480.7
992,888,1551515.2,1388856.3,66117.3,41718.0,66117.3,24399.3
993,888,1553079.2,1388856.3,66331.0,41718.0,66331.0,24613.0
994,888,1554643.2,1388856.3,66542.5,41718.0,66542.5,24824.5
995,888,1556207.2,1388856.3,66741.1,41718.0,66741.1,25023.1
996,888,1557771.3,1388856.3,66924.8,41718.0,66924.8,25206.8
997,888,1559335.3,1388856.3,67085.1,41718.0,67085.1,25367.1
998,888,1560899.3,1388856.3,67217.5,41718.0,67217.5,25499.5
999,888,1562463.3,1388856.3,67326.5,41718.0,67326.5,25608.5
1000,888,1564027.4,1388856.3,67426.9,41718.0,67426.9,25708.9
1001,888,1565591.4,1388856.3,67523.0,41718.0,67523.0,25805.0
1002,888,1567155.4,1388856.3,67593.5,41718.0,67593.5,25875.5
1003,888,1568719.5,1388856.3,67405.5,41718.0,67405.5,25687.5
1004,888,1570283.5,1388856.3,67215.4,41718.0,67215.4,25497.4
1005,888,1571847.5,1388856.3,67021.0,41718.0,67021.0,25303.0
1006,888,1573411.5,1388856.3,66824.4,41718.0,66824.4,25106.4
1007,888,1574975.6,1388856.3,66627.9,41718.0,66627.9,24909.9
1008,888,1576539.6,1388856.3,66435.6,41718.0,66435.6,24717.6
1009,888,1578103.6,1388856.3,66249.8,41718.0,66249.8,24531.8
1010,888,1579667.6,1388856.3,66093.8,41718.0,66093.8,24375.8
1011,888,1581231.7,1388856.3,65982.8,41718.0,65982.8,24264.8
1012,888,1582795.7,1388856.3,65916.5,41718.0,65916.5,24198.5
1013,888,1584359.7,1388856.3,65888.8,41718.0,65888.8,24170.8
1014,888,1585923.8,1388856.3,65890.9,41718.0,65890.9,24172.9
1015,888,1587487.8,1388856.3,65910.1,41718.0,65910.1,24192.1
1016,888,1589051.8,1388856.3,65905.9,41718.0,65905.9,24187.9
1017,888,1590615.8,1388856.3,65863.1,41718.0,65863.1,24145.1
1018,888,1592179.9,1388856.3,65773.4,41718.0,65773.4,24055.4
1019,888,1593743.9,1388856.3,65628.1,41718.0,65628.1,23910.1
1020,888,1595307.9,1388856.3,65427.3,41718.0,65427.3,23709.3
1021,888,1596871.9,1388856.3,65173.1,41718.0,65173.1,23455.1
1022,888,1598436.0,1388856.3,64889.0,41718.0,64889.0,23171.0
1023,888,1600000.0,1388856.3,64600.6,41718.0,64600.6,22882.6
992,889,1551515.2,1390420.3,65636.7,41718.0,65636.7,23918.7
993,889,1553079.2,1390420.3,65826.8,41718.0,65826.8,24108.8
994,889,1554643.2,1390420.3,66016.9,41718.0,66016.9,24298.9
995,889,1556207.2,1390420.3,66196.4,41718.0,66196.4,24478.4
996,889,1557771.3,1390420.3,66365.1,41718.0,66365.1,24647.1
997,889,1559335.3,1390420.3,66519.0,41718.0,66519.0,24801.0
998,889,1560899.3,1390420.3,66649.3,41718.0,66649.3,24931.3
999,889,1562463.3,1390420.3,66766.8,41718.0,66766.8,25048.8
1000,889,1564027.4,1390420.3,66882.1,41718.0,66882.1,25164.1
1001,889,1565591.4,1390420.3,66999.6,41718.0,66999.6,25281.6
1002,889,1567155.4,1390420.3,67040.2,41718.0,67040.2,25322.2
1003,889,1568719.5,1390420.3,66865.0,41718.0,66865.0,25147.0
1004,889,1570283.5,1390420.3,66687.7,41718.0,66687.7,24969.7
1005,889,1571847.5,1390420.3,66504.0,41718.0,66504.0,24786.0
1006,889,1573411.5,1390420.3,66316.0,41718.0,66316.0,24598.0
1007,889,1574975.6,1390420.3,66130.2,41718.0,66130.2,24412.2
1008,889,1576539.6,1390420.3,65942.2,41718.0,65942.2,24224.2
1009,889,1578103.6,1390420.3,65760.6,41718.0,65760.6,24042.6
1010,889,1579667.6,1390420.3,65617.5,41718.0,65617.5,23899.5
1011,889,1581231.7,1390420.3,65523.5,41718.0,65523.5,23805.5
1012,889,1582795.7,1390420.3,65465.8,41718.0,65465.8,23747.8
1013,889,1584359.7,1390420.3,65440.1,41718.0,65440.1,23722.1
1014,889,1585923.8,1390420.3,65433.7,41718.0,65433.7,23715.7
1015,889,1587487.8,1390420.3,65431.6,41718.0,65431.6,23713.6
1016,889,1589051.8,1390420.3,65393.1,41718.0,65393.1,23675.1
1017,889,1590615.8,1390420.3,65309.8,41718.0,65309.8,23591.8
1018,889,1592179.9,1390420.3,65177.4,41718.0,65177.4,23459.4
1019,889,1593743.9,1390420.3,64995.8,41718.0,64995.8,23277.8
1020,889,1595307.9,1390420.3,64763.0,41718.0,64763.0,23045.0
1021,889,1596871.9,1390420.3,64493.8,41718.0,64493.8,22775.8
1022,889,1598436.0,1390420.3,64216.1,41718.0,64216.1,22498.1
1023,889,1600000.0,1390420.3,63953.3,41718.0,63953.3,22235.3
992,890,1551515.2,1391984.4,65126.1,41718.0,65126.1,23408.1
993,890,1553079.2,1391984.4,65297.0,41718.0,65297.0,23579.0
994,890,1554643.2,1391984.4,65467.9,41718.0,65467.9,23749.9
995,890,1556207.2,1391984.4,65636.7,41718.0,65636.7,23918.7
996,890,1557771.3,1391984.4,65796.9,41718.0,65796.9,24078.9
997,890,1559335.3,1391984.4,65948.6,41718.0,65948.6,24230.6
998,890,1560899.3,1391984.4,66085.3,41718.0,66085.3,24367.3
999,890,1562463.3,1391984.4,66217.7,41718.0,66217.7,24499.7
1000,890,1564027.4,1391984.4,66354.5,41718.0,66354.5,24636.5
1001,890,1565591.4,1391984.4,66493.3,41718.0,66493.3,24775.3
1002,890,1567155.4,1391984.4,66501.9,41718.0,66501.9,24783.9
1003,890,1568719.5,1391984.4,66341.6,41718.0,66341.6,24623.6
1004,890,1570283.5,1391984.4,66175.0,41718.0,66175.0,24457.0
1005,890,1571847.5,1391984.4,66002.0,41718.0,66002.0,24284.0
1006,890,1573411.5,1391984.4,65822.5,41718.0,65822.5,24104.5
1007,890,1574975.6,1391984.4,65641.0,41718.0,65641.0,23923.0
1008,890,1576539.6,1391984.4,65459.4,41718.0,65459.4,23741.4
1009,890,1578103.6,1391984.4,65284.2,41718.0,65284.2,23566.2
1010,890,1579667.6,1391984.4,65153.9,41718.0,65153.9,23435.9
1011,890,1581231.7,1391984.4,65062.0,41718.0,65062.0,23344.0
1012,890,1582795.7,1391984.4,65000.1,41718.0,65000.1,23282.1
1013,890,1584359.7,1391984.4,64959.5,41718.0,64959.5,23241.5
1014,890,1585923.8,1391984.4,64927.4,41718.0,64927.4,23209.4
1015,890,1587487.8,1391984.4,64882.6,41718.0,64882.6,23164.6
1016,890,1589051.8,1391984.4,64792.9,41718.0,64792.9,23074.9
1017,890,1590615.8,1391984.4,64658.3,41718.0,64658.3,22940.3
1018,890,1592179.9,1391984.4,64478.8,41718.0,64478.8,22760.8
1019,890,1593743.9,1391984.4,64258.8,41718.0,64258.8,22540.8
1020,890,1595307.9,1391984.4,64006.7,41718.0,64006.7,22288.7
1021,890,1596871.9,1391984.4,63744.0,41718.0,63744.0,22026.0
1022,890,1598436.0,1391984.4,63489.7,41718.0,63489.7,21771.7
1023,890,1600000.0,1391984.4,63271.8,41718.0,63271.8,21553.8
992,891,1551515.2,1393548.4,64602.7,41718.0,64602.7,22884.7
993,891,1553079.2,1393548.4,64760.8,41718.0,64760.8,23042.8
994,891,1554643.2,1393548.4,64921.0,41718.0,64921.0,23203.0
995,891,1556207.2,1393548.4,65085.5,41718.0,65085.5,23367.5
996,891,1557771.3,1393548.4,65247.9,41718.0,65247.9,23529.9
997,891,1559335.3,1393548.4,65406.0,41718.0,65406.0,23688.0
998,891,1560899.3,1393548.4,65555.5,41718.0,65555.5,23837.5
999,891,1562463.3,1393548.4,65709.3,41718.0,65709.3,23991.3
1000,891,1564027.4,1393548.4,65867.4,41718.0,65867.4,24149.4
1001,891,1565591.4,1393548.4,66029.8,41718.0,66029.8,24311.8
1002,891,1567155.4,1393548.4,65999.8,41718.0,65999.8,24281.8
1003,891,1568719.5,1393548.4,65850.3,41718.0,65850.3,24132.3
1004,891,1570283.5,1393548.4,65692.2,41718.0,65692.2,23974.2
1005,891,1571847.5,1393548.4,65523.5,41718.0,65523.5,23805.5
1006,891,1573411.5,1393548.4,65346.2,41718.0,65346.2,23628.2
1007,891,1574975.6,1393548.4,65166.7,41718.0,65166.7,23448.7
1008,891,1576539.6,1393548.4,64985.1,41718.0,64985.1,23267.1
1009,891,1578103.6,1393548.4,64818.5,41718.0,64818.5,23100.5
1010,891,1579667.6,1393548.4,64688.2,41718.0,64688.2,22970.2
1011,891,1581231.7,1393548.4,64587.8,41718.0,64587.8,22869.8
1012,891,1582795.7,1393548.4,64502.3,41718.0,64502.3,22784.3
1013,891,1584359.7,1393548.4,64423.3,41718.0,64423.3,22705.3
1014,891,1585923.8,1393548.4,64344.2,41718.0,64344.2,22626.2
1015,891,1587487.8,1393548.4,64243.8,41718.0,64243.8,22525.8
1016,891,1589051.8,1393548.4,64096.4,41718.0,64096.4,22378.4
1017,891,1590615.8,1393548.4,63908.4,41718.0,63908.4,22190.4
1018,891,1592179.9,1393548.4,63686.3,41718.0,63686.3,21968.3
1019,891,1593743.9,1393548.4,63440.6,41718.0,63440.6,21722.6
1020,891,1595307.9,1393548.4,63186.4,41718.0,63186.4,21468.4
1021,891,1596871.9,1393548.4,62945.0,41718.0,62945.0,21227.0
1022,891,1598436.0,1393548.4,62733.5,41718.0,62733.5,21015.5
1023,891,1600000.0,1393548.4,62571.1,41718.0,62571.1,20853.1
992,892,1551515.2,1395112.4,64085.8,41718.0,64085.8,22367.8
993,892,1553079.2,1395112.4,64239.6,41718.0,64239.6,22521.6
994,892,1554643.2,1395112.4,64404.1,41718.0,64404.1,22686.1
995,892,1556207.2,1395112.4,64572.8,41718.0,64572.8,22854.8
996,892,1557771.3,1395112.4,64748.0,41718.0,64748.0,23030.0
997,892,1559335.3,1395112.4,64923.2,41718.0,64923.2,23205.2
998,892,1560899.3,1395112.4,65094.1,41718.0,65094.1,23376.1
999,892,1562463.3,1395112.4,65269.2,41718.0,65269.2,23551.2
1000,892,1564027.4,1395112.4,65446.6,41718.0,65446.6,23728.6
1001,892,1565591.4,1395112.4,65621.7,41718.0,65621.7,23903.7
1002,892,1567155.4,1395112.4,65538.4,41718.0,65538.4,23820.4
1003,892,1568719.5,1395112.4,65393.1,41718.0,65393.1,23675.1
1004,892,1570283.5,1395112.4,65232.9,41718.0,65232.9,23514.9
1005,892,1571847.5,1395112.4,65062.0,41718.0,65062.0,23344.0
1006,892,1573411.5,1395112.4,64880.4,41718.0,64880.4,23162.4
1007,892,1574975.6,1395112.4,64694.6,41718.0,64694.6,22976.6
1008,892,1576539.6,1395112.4,64510.9,41718.0,64510.9,22792.9
1009,892,1578103.6,1395112.4,64342.1,41718.0,64342.1,22624.1
1010,892,1579667.6,1395112.4,64199.0,41718.0,64199.0,22481.0
1011,892,1581231.7,1395112.4,64068.7,41718.0,64068.7,22350.7
1012,892,1582795.7,1395112.4,63944.8,41718.0,63944.8,22226.8
1013,892,1584359.7,1395112.4,63818.7,41718.0,63818.7,22100.7
1014,892,1585923.8,1395112.4,63686.3,41718.0,63686.3,21968.3
1015,892,1587487.8,1395112.4,63521.8,41718.0,63521.8,21803.8
1016,892,1589051.8,1395112.4,63316.7,41718.0,63316.7,21598.7
1017,892,1590615.8,1395112.4,63079.6,41718.0,63079.6,21361.6
1018,892,1592179.9,1395112.4,62823.2,41718.0,62823.2,21105.2
1019,892,1593743.9,1395112.4,62566.9,41718.0,62566.9,20848.9
1020,892,1595307.9,1395112.4,62327.6,41718.0,62327.6,20609.6
1021,892,1596871.9,1395112.4,62122.5,41718.0,62122.5,20404.5
1022,892,1598436.0,1395112.4,61968.7,41718.0,61968.7,20250.7
1023,892,1600000.0,1395112.4,61874.7,41718.0,61874.7,20156.7
992,893,1551515.2,1396676.4,63603.0,41718.0,63603.0,21885.0
993,893,1553079.2,1396676.4,63765.3,41718.0,63765.3,22047.3
994,893,1554643.2,1396676.4,63942.6,41718.0,63942.6,22224.6
995,893,1556207.2,1396676.4,64130.6,41718.0,64130.6,22412.6
996,893,1557771.3,1396676.4,64325.0,41718.0,64325.0,22607.0
997,893,1559335.3,1396676.4,64515.1,41718.0,64515.1,22797.1
998,893,1560899.3,1396676.4,64701.0,41718.0,64701.0,22983.0
999,893,1562463.3,1396676.4,64889.0,41718.0,64889.0,23171.0
1000,893,1564027.4,1396676.4,65074.8,41718.0,65074.8,23356.8
1001,893,1565591.4,1396676.4,65247.9,41718.0,65247.9,23529.9
1002,893,1567155.4,1396676.4,65104.8,41718.0,65104.8,23386.8
1003,893,1568719.5,1396676.4,64950.9,41718.0,64950.9,23232.9
1004,893,1570283.5,1396676.4,64780.0,41718.0,64780.0,23062.0
1005,893,1571847.5,1396676.4,64594.2,41718.0,64594.2,22876.2
1006,893,1573411.5,1396676.4,64397.7,41718.0,64397.7,22679.7
1007,893,1574975.6,1396676.4,64201.1,41718.0,64201.1,22483.1
1008,893,1576539.6,1396676.4,64008.9,41718.0,64008.9,22290.9
1009,893,1578103.6,1396676.4,63833.7,41718.0,63833.7,22115.7
1010,893,1579667.6,1396676.4,63667.0,41718.0,63667.0,21949.0
1011,893,1581231.7,1396676.4,63500.4,41718.0,63500.4,21782.4
1012,893,1582795.7,1396676.4,63329.5,41718.0,63329.5,21611.5
1013,893,1584359.7,1396676.4,63150.1,41718.0,63150.1,21432.1
1014,893,1585923.8,1396676.4,62955.7,41718.0,62955.7,21237.7
1015,893,1587487.8,1396676.4,62729.2,41718.0,62729.2,21011.2
1016,893,1589051.8,1396676.4,62470.7,41718.0,62470.7,20752.7
1017,893,1590615.8,1396676.4,62195.2,41718.0,62195.2,20477.2
1018,893,1592179.9,1396676.4,61919.6,41718.0,61919.6,20201.6
1019,893,1593743.9,1396676.4,61669.6,41718.0,61669.6,19951.6
1020,893,1595307.9,1396676.4,61462.4,41718.0,61462.4,19744.4
1021,893,1596871.9,1396676.4,61308.6,41718.0,61308.6,19590.6
1022,893,1598436.0,1396676.4,61218.9,41718.0,61218.9,19500.9
1023,893,1600000.0,1396676.4,61193.3,41718.0,61193.3,19475.3
992,894,1551515.2,1398240.5,63175.7,41718.0,63175.7,21457.7
993,894,1553079.2,1398240.5,63357.3,41718.0,63357.3,21639.3
994,894,1554643.2,1398240.5,63553.8,41718.0,63553.8,21835.8
995,894,1556207.2,1398240.5,63758.9,41718.0,63758.9,22040.9
996,894,1557771.3,1398240.5,63968.3,41718.0,63968.3,22250.3
997,894,1559335.3,1398240.5,64169.1,41718.0,64169.1,22451.1
998,894,1560899.3,1398240.5,64363.5,41718.0,64363.5,22645.5
999,894,1562463.3,1398240.5,64553.6,41718.0,64553.6,22835.6
1000,894,1564027.4,1398240.5,64737.3,41718.0,64737.3,23019.3
1001,894,1565591.4,1398240.5,64831.3,41718.0,64831.3,23113.3
1002,894,1567155.4,1398240.5,64673.2,41718.0,64673.2,22955.2
1003,894,1568719.5,1398240.5,64500.2,41718.0,64500.2,22782.2
1004,894,1570283.5,1398240.5,64307.9,41718.0,64307.9,22589.9
1005,894,1571847.5,1398240.5,64100.7,41718.0,64100.7,22382.7
1006,894,1573411.5,1398240.5,63889.2,41718.0,63889.2,22171.2
1007,894,1574975.6,1398240.5,63677.7,41718.0,63677.7,21959.7
1008,894,1576539.6,1398240.5,63479.1,41718.0,63479.1,21761.1
1009,894,1578103.6,1398240.5,63286.8,41718.0,63286.8,21568.8
1010,894,1579667.6,1398240.5,63088.1,41718.0,63088.1,21370.1
1011,894,1581231.7,1398240.5,62878.8,41718.0,62878.8,21160.8
1012,894,1582795.7,1398240.5,62656.6,41718.0,62656.6,20938.6
1013,894,1584359.7,1398240.5,62419.5,41718.0,62419.5,20701.5
1014,894,1585923.8,1398240.5,62167.4,41718.0,62167.4,20449.4
1015,894,1587487.8,1398240.5,61885.4,41718.0,61885.4,20167.4
1016,894,1589051.8,1398240.5,61586.3,41718.0,61586.3,19868.3
1017,894,1590615.8,1398240.5,61285.1,41718.0,61285.1,19567.1
1018,894,1592179.9,1398240.5,61009.5,41718.0,61009.5,19291.5
1019,894,1593743.9,1398240.5,60783.1,41718.0,60783.1,19065.1
1020,894,1595307.9,1398240.5,60618.6,41718.0,60618.6,18900.6
1021,894,1596871.9,1398240.5,60524.6,41718.0,60524.6,18806.6
1022,894,1598436.0,1398240.5,60501.1,41718.0,60501.1,18783.1
1023,894,1600000.0,1398240.5,60541.7,41718.0,60541.7,18823.7
992,895,1551515.2,1399804.5,62806.1,41718.0,62806.1,21088.1
993,895,1553079.2,1399804.5,63006.9,41718.0,63006.9,21288.9
994,895,1554643.2,1399804.5,63218.4,41718.0,63218.4,21500.4
995,895,1556207.2,1399804.5,63436.3,41718.0,63436.3,21718.3
996,895,1557771.3,1399804.5,63654.2,41718.0,63654.2,21936.2
997,895,1559335.3,1399804.5,63859.3,41718.0,63859.3,22141.3
998,895,1560899.3,1399804.5,64055.8,41718.0,64055.8,22337.8
999,895,1562463.3,1399804.5,64246.0,41718.0,64246.0,22528.0
1000,895,1564027.4,1399804.5,64423.3,41718.0,64423.3,22705.3
1001,895,1565591.4,1399804.5,64406.2,41718.0,64406.2,22688.2
1002,895,1567155.4,1399804.5,64226.7,41718.0,64226.7,22508.7
1003,895,1568719.5,1399804.5,64028.1,41718.0,64028.1,22310.1
1004,895,1570283.5,1399804.5,63810.2,41718.0,63810.2,22092.2
1005,895,1571847.5,1399804.5,63579.5,41718.0,63579.5,21861.5
1006,895,1573411.5,1399804.5,63346.6,41718.0,63346.6,21628.6
1007,895,1574975.6,1399804.5,63122.3,41718.0,63122.3,21404.3
1008,895,1576539.6,1399804.5,62912.9,41718.0,62912.9,21194.9
1009,895,1578103.6,1399804.5,62697.2,41718.0,62697.2,20979.2
1010,895,1579667.6,1399804.5,62462.2,41718.0,62462.2,20744.2
1011,895,1581231.7,1399804.5,62205.8,41718.0,62205.8,20487.8
1012,895,1582795.7,1399804.5,61930.3,41718.0,61930.3,20212.3
1013,895,1584359.7,1399804.5,61641.9,41718.0,61641.9,19923.9
1014,895,1585923.8,1399804.5,61340.7,41718.0,61340.7,19622.7
1015,895,1587487.8,1399804.5,61018.1,41718.0,61018.1,19300.1
1016,895,1589051.8,1399804.5,60691.2,41718.0,60691.2,18973.2
1017,895,1590615.8,1399804.5,60387.9,41718.0,60387.9,18669.9
1018,895,1592179.9,1399804.5,60129.4,41718.0,60129.4,18411.4
1019,895,1593743.9,1399804.5,59941.4,41718.0,59941.4,18223.4
1020,895,1595307.9,1399804.5,59832.5,41718.0,59832.5,18114.5
1021,895,1596871.9,1399804.5,59796.1,41718.0,59796.1,18078.1
1022,895,1598436.0,1399804.5,59830.3,41718.0,59830.3,18112.3
1023,895,1600000.0,1399804.5,59922.2,41718.0,59922.2,18204.2

# 全图统计,,,,,修复前哨兵压平格数,559683,
# 全图统计,,,,,修复后哨兵压平格数,0,
"# 密窗(32x32@1008,880)",,,,真实高度cm,59796.1,72547.5,
"# 密窗(32x32@1008,880)",,,,修复前渲染cm,41718.0,41718.0,
"# 密窗(32x32@1008,880)",,,,修复后渲染cm,59796.1,72547.5,
