frame,fps,cleanPerf,visibleEntities,presenterActive,presenterDefs,primitiveRaw,primitiveStaticRaw,skinnedRaw,gpuSkinned,gpuSkinBuild,gpuSkinDraw,gap,poll,pre,tick,post,begin,sim,simTop1,simTop2,simTop3,presentation,presTop1,presTop2,presTop3,behavior,behaviorBoot,behaviorOwner,behaviorAttr,behaviorTag,behaviorTick,animator,transformSync,minimapCollect,minimapMarkers,minimapProject,minimapScreen,heightSync,heightSamples,requestFlush,spawnBatch,spawnPerf,spawnPerfParts,spawnPerfChildParts,cull,cullSpatial,cullStatic,cullDyn,cullEntity,cullSync,hudProj,hudRaw,hudProjected,hudDensitySkip,mode3D,terrain,terrainChunks,field,fieldCount,fieldDirty,fieldArea,fieldDraws,primitive,primSync,primBucket,primImmediate,primImmediateSkip,primBuild,primDraw,primInstances,primBatches,primCache,ground,groundCount,groundRaw,spline,splineCount,splineRaw,debugDraw,debugDrawCount,debugDrawRaw,overlay,overlayBuild,overlayDirtyLanes,overlayItems,overlayRebuilt,overlayPaint,overlayComposite,uiRender,uiUpload,overlayFinal,nativeDiag,emit,emitDirty,emitDirtyCount,emitRetained,emitRetainedCount,hudPositionOnly,emitRetainedDirectPath,endDraw,screenshot,worldHud,screenBars,screenText,worldHudDrops,screenHudDrops,overlaySceneDrops,utc
120.12ms,8.3,0,10006,30009,"mass_navigation_agent_health_text_light:8568,mass_navigation_agent_health_hud_light:8568,mass_navigation_agent_azure_light:2142,mass_navigation_agent_crimson_light:2142,mass_navigation_agent_amber_light:2142,mass_navigation_agent_emerald_light:2142,mass_navigation_agent_health_text_heavy:1432,mass_navigation_agent_health_hud_heavy:1432",6,6,10000,10000/6,1.20,0.65,0.00,0.00,0.08,23.94,14.21,0.01,3.16,EffectProcessingLoopSystem:3.14,:0.00,:0.00,20.60,PresenterBehaviorSystem:4.88,MinimapPresentationSystem:3.59,CameraCullingSystem:3.55,4.88,0,0,0,0,10000,1.04,1.42,0.39,10009/0,3.58,10000/0,0.60,10009,0.01,0.00/0.00/0.00/0.00,0.00/0.00/0.00,0.00/0.00/0.00/0.00/0.00/0.00,0.00/0.00/0.00/0.00/0.00,3.55,2.54,0.01,0.98,3.54,0.00,14.15,20000,20000,0,2.76,0.04,4/0,0.01,0,0,0,0,2.68,0.00,0.05,0.02,6,0.00,0.03,6,2,2/0,0.00,0,0,0.00,0,0,0.00,0,0,2.81,0.02,1,20038,0,1.55,0.00,0.00,0.00,1.03,0.00,2.62,0.00,0,0.00,0,0,0/0/0,71.89,0.00,20000,10000,10000,0,0,0,2026-09-09T18:45:08.2662571Z
122.46ms,8.2,0,10006,30009,"mass_navigation_agent_health_text_light:8568,mass_navigation_agent_health_hud_light:8568,mass_navigation_agent_azure_light:2142,mass_navigation_agent_crimson_light:2142,mass_navigation_agent_amber_light:2142,mass_navigation_agent_emerald_light:2142,mass_navigation_agent_health_text_heavy:1432,mass_navigation_agent_health_hud_heavy:1432",6,6,10000,10000/6,1.21,0.65,0.00,0.00,0.06,24.53,14.53,0.01,3.08,EffectProcessingLoopSystem:3.07,:0.00,:0.00,21.30,PresenterBehaviorSystem:5.14,CameraCullingSystem:4.27,MinimapPresentationSystem:3.67,5.14,0,0,0,0,10000,1.02,1.49,0.37,10009/0,3.66,10000/0,0.64,10009,0.00,0.00/0.00/0.00/0.00,0.00/0.00/0.00,0.00/0.00/0.00/0.00/0.00/0.00,0.00/0.00/0.00/0.00/0.00,4.27,2.66,0.01,1.59,4.27,0.00,14.50,20000,20000,0,2.63,0.02,4/0,0.00,0,0,0,0,2.58,0.00,0.04,0.01,6,0.00,0.02,6,2,2/0,0.00,0,0,0.00,0,0,0.00,0,0,2.52,0.01,1,20038,0,1.52,0.00,0.00,0.00,1.00,0.00,2.18,0.00,0,0.00,0,0,0/0/0,73.79,0.00,20000,10000,10000,0,0,0,2026-09-09T18:45:15.7364805Z
121.90ms,8.2,0,10006,30009,"mass_navigation_agent_health_text_light:8568,mass_navigation_agent_health_hud_light:8568,mass_navigation_agent_azure_light:2142,mass_navigation_agent_crimson_light:2142,mass_navigation_agent_amber_light:2142,mass_navigation_agent_emerald_light:2142,mass_navigation_agent_health_text_heavy:1432,mass_navigation_agent_health_hud_heavy:1432",6,6,10000,10000/6,1.20,0.99,0.01,0.00,0.09,32.49,17.09,0.01,4.84,MassNavigationAuthoredAgentBindingSystem:1.51,MapEntityLifecycleObserverSystem:1.19,AttributeAggregatorSystem:0.97,27.44,PresenterBehaviorSystem:5.82,CameraCullingSystem:5.36,MinimapPresentationSystem:4.31,5.81,0,161,161,0,10000,1.13,2.15,0.52,10009/0,4.30,10000/0,0.71,10009,0.00,0.00/0.00/0.00/0.00,0.00/0.00/0.00,0.00/0.00/0.00/0.00/0.00/0.00,0.00/0.00/0.00/0.00/0.00,5.36,2.98,0.01,2.36,5.36,0.00,16.34,20000,20000,0,3.12,0.05,4/0,0.00,0,0,0,0,3.01,0.00,0.07,0.02,6,0.00,0.05,6,2,2/0,0.00,0,0,0.00,0,0,0.00,0,0,6.87,0.70,3,20038,0,5.65,0.00,0.00,0.00,1.21,0.00,3.64,0.00,0,0.69,320,0,320/0/0,56.63,0.00,20000,10000,10000,0,0,0,2026-09-09T18:45:23.0362618Z
273.68ms,3.7,0,10006,30009,"mass_navigation_agent_health_text_light:8568,mass_navigation_agent_health_hud_light:8568,mass_navigation_agent_azure_light:2142,mass_navigation_agent_crimson_light:2142,mass_navigation_agent_amber_light:2142,mass_navigation_agent_emerald_light:2142,mass_navigation_agent_health_text_heavy:1432,mass_navigation_agent_health_hud_heavy:1432",6,6,10000,10000/6,1.92,1.68,0.01,0.00,0.09,211.83,36.67,0.01,99.05,MassNavigationSimulationStepSystem:86.32,SpatialPartitionUpdateSystem:5.74,EffectProcessingLoopSystem:1.58,112.51,PresenterEntityTransformSyncSystem:31.00,PresenterBehaviorSystem:19.29,CameraCullingSystem:18.37,19.28,0,0,0,0,10000,2.32,31.00,0.99,10009/0,13.70,10000/0,2.80,10009,0.00,0.00/0.00/0.00/0.00,0.00/0.00/0.00,0.00/0.00/0.00/0.00/0.00/0.00,0.00/0.00/0.00/0.00/0.00,18.36,11.10,0.02,7.20,18.36,0.00,35.69,20000,20000,0,6.02,0.06,4/0,0.00,0,0,0,0,5.86,0.00,0.08,0.02,6,0.00,0.06,6,2,2/0,0.00,0,0,0.00,0,0,0.00,0,0,6.24,0.85,3,20038,0,4.43,0.00,0.00,0.00,1.80,0.00,15.07,0.00,0,7.18,19976,19976,19976/0/0,0.78,0.00,20000,10000,10000,0,0,0,2026-09-09T18:45:32.4214475Z
197.40ms,5.1,0,10006,30009,"mass_navigation_agent_health_text_light:8568,mass_navigation_agent_health_hud_light:8568,mass_navigation_agent_azure_light:2142,mass_navigation_agent_crimson_light:2142,mass_navigation_agent_amber_light:2142,mass_navigation_agent_emerald_light:2142,mass_navigation_agent_health_text_heavy:1432,mass_navigation_agent_health_hud_heavy:1432",6,6,10000,10000/6,1.27,1.63,0.01,0.00,0.11,153.01,27.92,0.01,45.40,MassNavigationSimulationStepSystem:38.72,EffectProcessingLoopSystem:1.50,AbilityEndOrderSystem:0.93,107.34,PresenterEntityTransformSyncSystem:24.88,PresenterEmitSystem:18.52,PresenterBehaviorSystem:18.35,18.34,0,0,0,0,10000,3.96,24.88,1.17,10009/0,15.15,10000/0,2.11,10009,0.00,0.00/0.00/0.00/0.00,0.00/0.00/0.00,0.00/0.00/0.00/0.00/0.00/0.00,0.00/0.00/0.00/0.00/0.00,16.58,9.77,0.01,6.63,16.58,0.00,27.27,20000,20000,0,5.01,0.06,4/0,0.00,0,0,0,0,4.88,0.00,0.07,0.02,6,0.00,0.05,6,2,2/0,0.00,0,0,0.00,0,0,0.00,0,0,5.27,0.60,3,20038,0,3.80,0.00,0.00,0.00,1.47,0.00,18.52,0.00,0,8.88,19736,19736,19736/0/0,0.45,0.00,20000,10000,10000,0,0,0,2026-09-09T18:45:45.5402485Z
96.32ms,10.4,0,10006,30009,"mass_navigation_agent_health_text_light:8568,mass_navigation_agent_health_hud_light:8568,mass_navigation_agent_azure_light:2142,mass_navigation_agent_crimson_light:2142,mass_navigation_agent_amber_light:2142,mass_navigation_agent_emerald_light:2142,mass_navigation_agent_health_text_heavy:1432,mass_navigation_agent_health_hud_heavy:1432",6,6,10000,10000/6,1.57,1.73,0.01,0.00,0.09,53.80,20.20,0.01,7.36,SpatialPartitionUpdateSystem:3.83,AbilityEndOrderSystem:0.91,EffectProcessingLoopSystem:0.64,46.18,PresenterBehaviorSystem:12.25,CameraCullingSystem:10.21,MinimapPresentationSystem:6.35,12.25,0,0,0,0,10000,1.45,5.18,0.84,10009/0,6.33,10000/0,1.00,10009,0.00,0.00/0.00/0.00/0.00,0.00/0.00/0.00,0.00/0.00/0.00/0.00/0.00/0.00,0.00/0.00/0.00/0.00/0.00,10.21,6.31,0.02,3.86,10.20,0.00,20.14,20000,20000,0,4.13,0.05,4/0,0.00,0,0,0,0,4.02,0.00,0.06,0.01,6,0.00,0.04,6,2,2/0,0.00,0,0,0.00,0,0,0.00,0,0,4.51,0.02,1,20038,0,3.07,0.00,0.00,0.00,1.44,0.00,4.03,0.00,0,0.00,0,0,0/0/0,0.99,0.00,20000,10000,10000,0,0,0,2026-09-09T18:45:55.9742835Z
121.48ms,8.2,0,10006,30009,"mass_navigation_agent_health_text_light:8568,mass_navigation_agent_health_hud_light:8568,mass_navigation_agent_azure_light:2142,mass_navigation_agent_crimson_light:2142,mass_navigation_agent_amber_light:2142,mass_navigation_agent_emerald_light:2142,mass_navigation_agent_health_text_heavy:1432,mass_navigation_agent_health_hud_heavy:1432",6,6,10000,10000/6,1.20,0.62,0.00,0.00,0.06,88.18,18.15,0.01,3.73,EffectProcessingLoopSystem:3.72,:0.00,:0.00,84.28,PresenterBehaviorSystem:25.33,PresenterEntityTransformSyncSystem:12.74,MinimapPresentationSystem:12.19,25.32,0,0,0,0,10000,2.73,12.74,1.21,10009/0,12.16,10000/0,1.00,10009,0.00,0.00/0.00/0.00/0.00,0.00/0.00/0.00,0.00/0.00/0.00/0.00/0.00/0.00,0.00/0.00/0.00/0.00/0.00,10.36,3.70,0.01,6.63,10.36,0.00,18.09,20000,20000,0,2.57,0.03,4/0,0.00,0,0,0,0,2.51,0.00,0.04,0.01,6,0.00,0.02,6,2,2/0,0.00,0,0,0.00,0,0,0.00,0,0,2.61,0.02,1,20038,0,1.69,0.00,0.00,0.00,0.91,0.00,9.89,0.00,0,0.00,0,0,0/0/0,0.26,0.00,20000,10000,10000,0,0,0,2026-09-09T18:46:03.9269247Z
181.56ms,5.5,0,10006,30009,"mass_navigation_agent_health_text_light:8568,mass_navigation_agent_health_hud_light:8568,mass_navigation_agent_azure_light:2142,mass_navigation_agent_crimson_light:2142,mass_navigation_agent_amber_light:2142,mass_navigation_agent_emerald_light:2142,mass_navigation_agent_health_text_heavy:1432,mass_navigation_agent_health_hud_heavy:1432",6,6,10000,10000/6,1.31,0.77,0.00,0.00,0.06,71.47,21.01,0.01,3.52,EffectProcessingLoopSystem:3.51,:0.00,:0.00,67.81,PresenterMinimapMarkerSystem:27.17,MinimapPresentationSystem:15.01,PresenterBehaviorSystem:7.64,7.64,0,0,0,0,10000,1.72,2.22,27.17,10009/0,14.99,10000/0,1.03,10009,0.00,0.00/0.00/0.00/0.00,0.00/0.00/0.00,0.00/0.00/0.00/0.00/0.00/0.00,0.00/0.00/0.00/0.00/0.00,6.60,3.73,0.01,2.85,6.60,0.00,20.96,20000,20000,0,3.38,0.03,4/0,0.00,0,0,0,0,3.30,0.00,0.06,0.01,6,0.00,0.04,6,2,2/0,0.00,0,0,0.00,0,0,0.00,0,0,15.52,0.02,1,20038,0,14.52,0.00,0.00,0.00,0.99,0.00,3.06,0.00,0,0.00,0,0,0/0/0,64.66,0.00,20000,10000,10000,0,0,0,2026-09-09T18:46:12.0868267Z
124.94ms,8.0,0,10006,30009,"mass_navigation_agent_health_text_light:8568,mass_navigation_agent_health_hud_light:8568,mass_navigation_agent_azure_light:2142,mass_navigation_agent_crimson_light:2142,mass_navigation_agent_amber_light:2142,mass_navigation_agent_emerald_light:2142,mass_navigation_agent_health_text_heavy:1432,mass_navigation_agent_health_hud_heavy:1432",6,6,10000,10000/6,1.20,0.63,0.00,0.00,0.06,58.90,15.06,0.01,30.25,MassNavigationSimulationStepSystem:27.12,SpatialPartitionUpdateSystem:1.50,EffectProcessingLoopSystem:0.41,28.50,PresenterEntityTransformSyncSystem:6.42,PresenterBehaviorSystem:5.17,PresenterEmitSystem:4.81,5.17,0,0,0,0,10000,0.99,6.42,0.38,10009/0,3.63,10000/0,0.66,10009,0.00,0.00/0.00/0.00/0.00,0.00/0.00/0.00,0.00/0.00/0.00/0.00/0.00/0.00,0.00/0.00/0.00/0.00/0.00,4.05,2.82,0.00,1.21,4.05,0.00,14.69,20000,20000,0,2.63,0.02,4/0,0.00,0,0,0,0,2.56,0.00,0.04,0.01,6,0.00,0.02,6,2,2/0,0.00,0,0,0.00,0,0,0.00,0,0,2.92,0.35,3,20038,0,2.01,0.00,0.00,0.00,0.91,0.00,4.81,0.00,0,2.70,17872,17872,17872/0/0,41.02,0.00,20000,10000,10000,0,0,0,2026-09-09T18:46:19.4403194Z
124.88ms,8.0,0,10006,30009,"mass_navigation_agent_health_text_light:8568,mass_navigation_agent_health_hud_light:8568,mass_navigation_agent_azure_light:2142,mass_navigation_agent_crimson_light:2142,mass_navigation_agent_amber_light:2142,mass_navigation_agent_emerald_light:2142,mass_navigation_agent_health_text_heavy:1432,mass_navigation_agent_health_hud_heavy:1432",6,6,10000,10000/6,1.22,0.67,0.00,0.00,0.05,23.66,14.78,0.01,0.35,EffectProcessingLoopSystem:0.34,:0.00,:0.00,23.18,CameraCullingSystem:5.49,PresenterBehaviorSystem:5.23,MinimapPresentationSystem:3.67,5.23,0,0,0,0,10000,1.02,1.89,0.41,10009/0,3.66,10000/0,0.68,10009,0.00,0.00/0.00/0.00/0.00,0.00/0.00/0.00,0.00/0.00/0.00/0.00/0.00/0.00,0.00/0.00/0.00/0.00/0.00,5.49,2.94,0.01,2.53,5.49,0.00,14.76,20000,20000,0,2.67,0.03,4/0,0.00,0,0,0,0,2.60,0.00,0.04,0.01,6,0.00,0.02,6,2,2/0,0.00,0,0,0.00,0,0,0.00,0,0,2.65,0.01,1,20038,0,1.72,0.00,0.00,0.00,0.92,0.00,2.23,0.00,0,0.00,0,0,0/0/0,76.56,0.00,20000,10000,10000,0,0,0,2026-09-09T18:46:26.9099518Z
118.74ms,8.4,0,10006,30009,"mass_navigation_agent_health_text_light:8568,mass_navigation_agent_health_hud_light:8568,mass_navigation_agent_azure_light:2142,mass_navigation_agent_crimson_light:2142,mass_navigation_agent_amber_light:2142,mass_navigation_agent_emerald_light:2142,mass_navigation_agent_health_text_heavy:1432,mass_navigation_agent_health_hud_heavy:1432",6,6,10000,10000/6,1.21,0.63,0.00,0.00,0.06,27.45,15.58,0.00,4.36,MassNavigationAuthoredAgentBindingSystem:1.31,AttributeAggregatorSystem:1.14,MapEntityLifecycleObserverSystem:0.89,22.94,PresenterBehaviorSystem:5.40,CameraCullingSystem:4.43,MinimapPresentationSystem:3.68,5.40,0,183,183,0,10000,1.01,1.62,0.41,10009/0,3.67,10000/0,0.67,10009,0.00,0.00/0.00/0.00/0.00,0.00/0.00/0.00,0.00/0.00/0.00/0.00/0.00/0.00,0.00/0.00/0.00/0.00/0.00,4.43,2.84,0.00,1.58,4.43,0.00,15.09,20000,20000,0,2.58,0.02,4/0,0.00,0,0,0,0,2.52,0.00,0.04,0.01,6,0.00,0.02,6,2,2/0,0.00,0,0,0.00,0,0,0.00,0,0,5.44,0.47,3,20038,0,4.54,0.00,0.00,0.00,0.90,0.00,2.98,0.00,0,0.68,364,0,364/0/0,63.31,0.00,20000,10000,10000,0,0,0,2026-09-09T18:46:34.5932085Z
120.83ms,8.3,0,10006,30009,"mass_navigation_agent_health_text_light:8568,mass_navigation_agent_health_hud_light:8568,mass_navigation_agent_azure_light:2142,mass_navigation_agent_crimson_light:2142,mass_navigation_agent_amber_light:2142,mass_navigation_agent_emerald_light:2142,mass_navigation_agent_health_text_heavy:1432,mass_navigation_agent_health_hud_heavy:1432",6,6,10000,10000/6,1.21,0.65,0.00,0.00,0.05,22.65,14.55,0.01,0.32,EffectProcessingLoopSystem:0.32,:0.00,:0.00,22.19,PresenterBehaviorSystem:5.09,CameraCullingSystem:4.91,MinimapPresentationSystem:3.60,5.08,0,0,0,0,10000,1.00,1.69,0.38,10009/0,3.59,10000/0,0.71,10009,0.00,0.00/0.00/0.00/0.00,0.00/0.00/0.00,0.00/0.00/0.00/0.00/0.00/0.00,0.00/0.00/0.00/0.00/0.00,4.91,2.82,0.00,2.07,4.91,0.00,14.52,20000,20000,0,2.60,0.02,4/0,0.00,0,0,0,0,2.54,0.00,0.03,0.01,6,0.00,0.02,6,2,2/0,0.00,0,0,0.00,0,0,0.00,0,0,2.63,0.01,1,20038,0,1.73,0.00,0.00,0.00,0.89,0.00,2.22,0.00,0,0.00,0,0,0/0/0,73.93,0.00,20000,10000,10000,0,0,0,2026-09-09T18:46:41.9097574Z
134.16ms,7.5,0,10006,30009,"mass_navigation_agent_health_text_light:8568,mass_navigation_agent_health_hud_light:8568,mass_navigation_agent_azure_light:2142,mass_navigation_agent_crimson_light:2142,mass_navigation_agent_amber_light:2142,mass_navigation_agent_emerald_light:2142,mass_navigation_agent_health_text_heavy:1432,mass_navigation_agent_health_hud_heavy:1432",6,6,10000,10000/6,1.21,1.04,0.01,0.00,0.11,47.39,15.44,0.01,13.24,MassNavigationSimulationStepSystem:9.50,AbilityEndOrderSystem:0.63,EffectProcessingLoopSystem:0.55,33.85,PresenterEntityTransformSyncSystem:6.56,CameraCullingSystem:6.20,PresenterBehaviorSystem:5.77,5.76,0,0,0,0,10000,1.04,6.56,0.36,10009/0,4.64,10000/0,0.76,10009,0.00,0.00/0.00/0.00/0.00,0.00/0.00/0.00,0.00/0.00/0.00/0.00/0.00/0.00,0.00/0.00/0.00/0.00/0.00,6.20,3.33,0.01,2.84,6.19,0.00,15.05,20000,20000,0,3.05,0.02,4/0,0.00,0,0,0,0,2.97,0.00,0.03,0.01,6,0.00,0.02,6,2,2/0,0.00,0,0,0.00,0,0,0.00,0,0,3.42,0.35,3,20038,0,2.50,0.00,0.00,0.00,0.91,0.00,5.12,0.00,0,2.79,8624,8624,8624/0/0,60.28,0.00,20000,10000,10000,0,0,0,2026-09-09T18:46:49.6112222Z
123.61ms,8.1,0,10006,30009,"mass_navigation_agent_health_text_light:8568,mass_navigation_agent_health_hud_light:8568,mass_navigation_agent_azure_light:2142,mass_navigation_agent_crimson_light:2142,mass_navigation_agent_amber_light:2142,mass_navigation_agent_emerald_light:2142,mass_navigation_agent_health_text_heavy:1432,mass_navigation_agent_health_hud_heavy:1432",6,6,10000,10000/6,1.21,0.64,0.00,0.00,0.06,36.96,14.73,0.01,10.68,MassNavigationSimulationStepSystem:8.61,EffectProcessingLoopSystem:0.41,AbilityEndOrderSystem:0.38,26.13,PresenterBehaviorSystem:5.18,PresenterEntityTransformSyncSystem:4.85,CameraCullingSystem:4.13,5.18,0,0,0,0,10000,0.99,4.85,0.33,10009/0,3.64,10000/0,0.68,10009,0.00,0.00/0.00/0.00/0.00,0.00/0.00/0.00,0.00/0.00/0.00/0.00/0.00/0.00,0.00/0.00/0.00/0.00/0.00,4.13,2.76,0.00,1.34,4.12,0.00,14.49,20000,20000,0,2.60,0.03,4/0,0.00,0,0,0,0,2.55,0.00,0.04,0.01,6,0.00,0.02,6,2,2/0,0.00,0,0,0.00,0,0,0.00,0,0,2.99,0.22,3,20038,0,2.09,0.00,0.00,0.00,0.90,0.00,3.98,0.00,0,1.83,7262,7262,7262/0/0,61.92,0.00,20000,10000,10000,0,0,0,2026-09-09T18:46:57.3687966Z
134.12ms,7.5,0,10006,30009,"mass_navigation_agent_health_text_light:8568,mass_navigation_agent_health_hud_light:8568,mass_navigation_agent_azure_light:2142,mass_navigation_agent_crimson_light:2142,mass_navigation_agent_amber_light:2142,mass_navigation_agent_emerald_light:2142,mass_navigation_agent_health_text_heavy:1432,mass_navigation_agent_health_hud_heavy:1432",6,6,10000,10000/6,1.33,0.66,0.00,0.00,0.06,25.59,14.75,0.01,2.81,EffectProcessingLoopSystem:2.80,:0.00,:0.00,22.64,CameraCullingSystem:5.20,PresenterBehaviorSystem:5.16,MinimapPresentationSystem:3.78,5.16,0,0,0,0,10000,0.99,1.67,0.37,10009/0,3.77,10000/0,0.65,10009,0.00,0.00/0.00/0.00/0.00,0.00/0.00/0.00,0.00/0.00/0.00/0.00/0.00/0.00,0.00/0.00/0.00/0.00/0.00,5.20,2.75,0.00,2.43,5.19,0.00,14.71,20000,20000,0,2.64,0.02,4/0,0.00,0,0,0,0,2.58,0.00,0.04,0.01,6,0.00,0.02,6,2,2/0,0.00,0,0,0.00,0,0,0.00,0,0,2.70,0.01,1,20038,0,1.79,0.00,0.00,0.00,0.91,0.00,2.32,0.00,0,0.00,0,0,0/0/0,83.54,0.00,20000,10000,10000,0,0,0,2026-09-09T18:47:04.7834856Z
135.20ms,7.4,0,10006,30009,"mass_navigation_agent_health_text_light:8568,mass_navigation_agent_health_hud_light:8568,mass_navigation_agent_azure_light:2142,mass_navigation_agent_crimson_light:2142,mass_navigation_agent_amber_light:2142,mass_navigation_agent_emerald_light:2142,mass_navigation_agent_health_text_heavy:1432,mass_navigation_agent_health_hud_heavy:1432",6,6,10000,10000/6,1.19,0.97,0.00,0.00,0.06,28.26,14.85,0.01,2.53,EffectProcessingLoopSystem:2.52,:0.00,:0.00,25.60,CameraCullingSystem:5.97,PresenterBehaviorSystem:5.42,MinimapPresentationSystem:4.08,5.42,0,0,0,0,10000,0.98,2.68,0.38,10009/0,4.07,10000/0,0.70,10009,0.00,0.00/0.00/0.00/0.00,0.00/0.00/0.00,0.00/0.00/0.00/0.00/0.00/0.00,0.00/0.00/0.00/0.00/0.00,5.97,2.87,0.01,3.08,5.97,0.00,14.82,20000,20000,0,3.04,0.03,4/0,0.00,0,0,0,0,2.95,0.00,0.05,0.01,6,0.00,0.03,6,2,2/0,0.00,0,0,0.00,0,0,0.00,0,0,3.05,0.01,1,20038,0,1.88,0.00,0.00,0.00,1.17,0.00,2.47,0.00,0,0.00,0,0,0/0/0,80.63,0.00,20000,10000,10000,0,0,0,2026-09-09T18:47:12.3619619Z
121.61ms,8.2,0,10006,30009,"mass_navigation_agent_health_text_light:8568,mass_navigation_agent_health_hud_light:8568,mass_navigation_agent_azure_light:2142,mass_navigation_agent_crimson_light:2142,mass_navigation_agent_amber_light:2142,mass_navigation_agent_emerald_light:2142,mass_navigation_agent_health_text_heavy:1432,mass_navigation_agent_health_hud_heavy:1432",6,6,10000,10000/6,1.24,0.67,0.00,0.00,0.06,34.44,15.33,0.01,10.25,ClearPresentationFlagsSystem:5.94,MassNavigationAuthoredAgentBindingSystem:1.52,MapEntityLifecycleObserverSystem:1.27,24.06,PresenterBehaviorSystem:5.57,CameraCullingSystem:4.95,MinimapPresentationSystem:3.79,5.57,0,184,184,0,10000,1.05,1.78,0.38,10009/0,3.78,10000/0,0.68,10009,0.00,0.00/0.00/0.00/0.00,0.00/0.00/0.00,0.00/0.00/0.00/0.00/0.00/0.00,0.00/0.00/0.00/0.00/0.00,4.95,2.61,0.00,2.33,4.95,0.00,14.81,20000,20000,0,2.67,0.04,4/0,0.00,0,0,0,0,2.60,0.00,0.04,0.01,6,0.00,0.03,6,2,2/0,0.00,0,0,0.00,0,0,0.00,0,0,6.15,0.50,3,20038,0,5.23,0.00,0.00,0.00,0.92,0.00,2.87,0.00,0,0.72,366,0,366/0/0,58.53,0.00,20000,10000,10000,0,0,0,2026-09-09T18:47:20.0036699Z
122.30ms,8.2,0,10006,30009,"mass_navigation_agent_health_text_light:8568,mass_navigation_agent_health_hud_light:8568,mass_navigation_agent_azure_light:2142,mass_navigation_agent_crimson_light:2142,mass_navigation_agent_amber_light:2142,mass_navigation_agent_emerald_light:2142,mass_navigation_agent_health_text_heavy:1432,mass_navigation_agent_health_hud_heavy:1432",6,6,10000,10000/6,1.19,0.64,0.00,0.00,0.06,27.18,15.07,0.01,4.15,MassNavigationAuthoredAgentBindingSystem:1.35,MapEntityLifecycleObserverSystem:0.97,AttributeAggregatorSystem:0.96,22.89,PresenterBehaviorSystem:5.39,CameraCullingSystem:4.38,MinimapPresentationSystem:3.66,5.39,0,155,155,0,10000,1.00,1.79,0.38,10009/0,3.65,10000/0,0.67,10009,0.00,0.00/0.00/0.00/0.00,0.00/0.00/0.00,0.00/0.00/0.00/0.00/0.00/0.00,0.00/0.00/0.00/0.00/0.00,4.38,2.72,0.00,1.65,4.38,0.00,14.63,20000,20000,0,2.61,0.02,4/0,0.00,0,0,0,0,2.54,0.00,0.04,0.01,6,0.00,0.02,6,2,2/0,0.00,0,0,0.00,0,0,0.00,0,0,5.29,0.42,3,20038,0,4.38,0.00,0.00,0.00,0.90,0.00,2.90,0.00,0,0.64,308,0,308/0/0,67.71,0.00,20000,10000,10000,0,0,0,2026-09-09T18:47:28.0073925Z
127.60ms,7.8,0,10006,30009,"mass_navigation_agent_health_text_light:8568,mass_navigation_agent_health_hud_light:8568,mass_navigation_agent_azure_light:2142,mass_navigation_agent_crimson_light:2142,mass_navigation_agent_amber_light:2142,mass_navigation_agent_emerald_light:2142,mass_navigation_agent_health_text_heavy:1432,mass_navigation_agent_health_hud_heavy:1432",6,6,10000,10000/6,1.22,0.64,0.00,0.00,0.06,55.00,14.95,0.01,28.96,MassNavigationSimulationStepSystem:26.41,SpatialPartitionUpdateSystem:0.63,AbilityEndOrderSystem:0.45,25.90,PresenterBehaviorSystem:5.25,PresenterEntityTransformSyncSystem:4.43,CameraCullingSystem:4.35,5.25,0,0,0,0,10000,1.01,4.43,0.40,10009/0,3.70,10000/0,0.66,10009,0.00,0.00/0.00/0.00/0.00,0.00/0.00/0.00,0.00/0.00/0.00/0.00/0.00/0.00,0.00/0.00/0.00/0.00/0.00,4.35,2.76,0.00,1.56,4.34,0.01,14.75,20000,20000,0,2.59,0.02,4/0,0.00,0,0,0,0,2.53,0.00,0.03,0.01,6,0.00,0.02,6,2,2/0,0.00,0,0,0.00,0,0,0.00,0,0,3.05,0.18,3,20038,0,2.14,0.00,0.00,0.00,0.89,0.00,3.67,0.00,0,1.43,4524,4524,4524/0/0,47.53,0.00,20000,10000,10000,0,0,0,2026-09-09T18:47:35.4761957Z
132.94ms,7.5,0,10006,30009,"mass_navigation_agent_health_text_light:8568,mass_navigation_agent_health_hud_light:8568,mass_navigation_agent_azure_light:2142,mass_navigation_agent_crimson_light:2142,mass_navigation_agent_amber_light:2142,mass_navigation_agent_emerald_light:2142,mass_navigation_agent_health_text_heavy:1432,mass_navigation_agent_health_hud_heavy:1432",6,6,10000,10000/6,1.20,0.66,0.00,0.00,0.06,28.96,15.07,0.01,4.44,MassNavigationAuthoredAgentBindingSystem:1.43,AttributeAggregatorSystem:1.03,MapEntityLifecycleObserverSystem:0.96,24.39,PresenterBehaviorSystem:5.56,CameraCullingSystem:5.20,MinimapPresentationSystem:3.69,5.56,0,163,163,0,10000,1.00,2.21,0.41,10009/0,3.68,10000/0,0.69,10009,0.00,0.00/0.00/0.00/0.00,0.00/0.00/0.00,0.00/0.00/0.00/0.00/0.00/0.00,0.00/0.00/0.00/0.00/0.00,5.20,2.71,0.00,2.47,5.20,0.00,14.60,20000,20000,0,2.60,0.02,4/0,0.00,0,0,0,0,2.54,0.00,0.03,0.01,6,0.00,0.02,6,2,2/0,0.00,0,0,0.00,0,0,0.00,0,0,5.35,0.45,3,20038,0,4.36,0.00,0.00,0.00,0.98,0.00,2.86,0.00,0,0.63,324,0,324/0/0,76.59,0.00,20000,10000,10000,0,0,0,2026-09-09T18:47:43.3626353Z
120.51ms,8.3,0,10006,30009,"mass_navigation_agent_health_text_light:8568,mass_navigation_agent_health_hud_light:8568,mass_navigation_agent_azure_light:2142,mass_navigation_agent_crimson_light:2142,mass_navigation_agent_amber_light:2142,mass_navigation_agent_emerald_light:2142,mass_navigation_agent_health_text_heavy:1432,mass_navigation_agent_health_hud_heavy:1432",6,6,10000,10000/6,1.21,0.63,0.00,0.00,0.05,23.13,14.55,0.00,0.33,EffectProcessingLoopSystem:0.32,:0.00,:0.00,22.66,CameraCullingSystem:5.35,PresenterBehaviorSystem:5.20,MinimapPresentationSystem:3.66,5.20,0,0,0,0,10000,0.99,1.77,0.37,10009/0,3.65,10000/0,0.67,10009,0.00,0.00/0.00/0.00/0.00,0.00/0.00/0.00,0.00/0.00/0.00/0.00/0.00/0.00,0.00/0.00/0.00/0.00/0.00,5.35,2.81,0.01,2.52,5.35,0.00,14.53,20000,20000,0,2.58,0.02,4/0,0.00,0,0,0,0,2.52,0.00,0.04,0.01,6,0.00,0.02,6,2,2/0,0.00,0,0,0.00,0,0,0.00,0,0,2.70,0.01,1,20038,0,1.80,0.00,0.00,0.00,0.89,0.00,2.13,0.00,0,0.00,0,0,0/0/0,73.08,0.00,20000,10000,10000,0,0,0,2026-09-09T18:47:50.8345048Z
135.53ms,7.4,0,10006,30009,"mass_navigation_agent_health_text_light:8568,mass_navigation_agent_health_hud_light:8568,mass_navigation_agent_azure_light:2142,mass_navigation_agent_crimson_light:2142,mass_navigation_agent_amber_light:2142,mass_navigation_agent_emerald_light:2142,mass_navigation_agent_health_text_heavy:1432,mass_navigation_agent_health_hud_heavy:1432",6,6,10000,10000/6,1.27,0.67,0.01,0.00,0.07,41.45,18.76,0.01,3.06,SpatialPartitionUpdateSystem:0.80,AbilityEndOrderSystem:0.62,EffectProcessingLoopSystem:0.44,38.20,MinimapPresentationSystem:9.77,PresenterBehaviorSystem:8.20,CameraCullingSystem:6.15,8.20,0,0,0,0,10000,1.58,3.80,0.55,10009/0,9.74,10000/0,0.78,10009,0.00,0.00/0.00/0.00/0.00,0.00/0.00/0.00,0.00/0.00/0.00/0.00/0.00/0.00,0.00/0.00/0.00/0.00/0.00,6.15,3.22,0.01,2.89,6.15,0.00,18.71,20000,20000,0,2.74,0.04,4/0,0.00,0,0,0,0,2.65,0.00,0.05,0.02,6,0.00,0.03,6,2,2/0,0.00,0,0,0.00,0,0,0.00,0,0,3.09,0.01,1,20038,0,1.91,0.00,0.00,0.00,1.17,0.00,3.74,0.00,0,0.00,0,0,0/0/0,64.03,0.00,20000,10000,10000,0,0,0,2026-09-09T18:47:58.3439073Z
123.68ms,8.1,0,10006,30009,"mass_navigation_agent_health_text_light:8568,mass_navigation_agent_health_hud_light:8568,mass_navigation_agent_azure_light:2142,mass_navigation_agent_crimson_light:2142,mass_navigation_agent_amber_light:2142,mass_navigation_agent_emerald_light:2142,mass_navigation_agent_health_text_heavy:1432,mass_navigation_agent_health_hud_heavy:1432",6,6,10000,10000/6,1.23,0.65,0.00,0.00,0.07,23.89,14.94,0.00,0.33,EffectProcessingLoopSystem:0.32,:0.00,:0.00,23.42,PresenterBehaviorSystem:5.64,CameraCullingSystem:5.29,MinimapPresentationSystem:3.71,5.64,0,0,0,0,10000,1.03,1.79,0.47,10009/0,3.70,10000/0,0.68,10009,0.00,0.00/0.00/0.00/0.00,0.00/0.00/0.00,0.00/0.00/0.00/0.00/0.00/0.00,0.00/0.00/0.00/0.00/0.00,5.29,2.72,0.00,2.55,5.29,0.00,14.91,20000,20000,0,2.65,0.03,4/0,0.00,0,0,0,0,2.58,0.00,0.04,0.01,6,0.00,0.02,6,2,2/0,0.00,0,0,0.00,0,0,0.00,0,0,2.75,0.01,1,20038,0,1.84,0.00,0.00,0.00,0.91,0.00,2.26,0.00,0,0.00,0,0,0/0/0,74.89,0.00,20000,10000,10000,0,0,0,2026-09-09T18:48:05.8536647Z
136.04ms,7.4,0,10006,30009,"mass_navigation_agent_health_text_light:8568,mass_navigation_agent_health_hud_light:8568,mass_navigation_agent_azure_light:2142,mass_navigation_agent_crimson_light:2142,mass_navigation_agent_amber_light:2142,mass_navigation_agent_emerald_light:2142,mass_navigation_agent_health_text_heavy:1432,mass_navigation_agent_health_hud_heavy:1432",6,6,10000,10000/6,1.21,0.66,0.00,0.00,0.06,23.57,14.58,0.01,0.32,EffectProcessingLoopSystem:0.32,:0.00,:0.00,23.10,CameraCullingSystem:5.46,PresenterBehaviorSystem:5.10,MinimapPresentationSystem:3.75,5.09,0,0,0,0,10000,1.00,1.80,0.42,10009/0,3.74,10000/0,0.67,10009,0.00,0.00/0.00/0.00/0.00,0.00/0.00/0.00,0.00/0.00/0.00/0.00/0.00/0.00,0.00/0.00/0.00/0.00/0.00,5.46,2.84,0.01,2.61,5.46,0.00,14.55,20000,20000,0,2.66,0.03,4/0,0.00,0,0,0,0,2.60,0.00,0.04,0.01,6,0.00,0.02,6,2,2/0,0.00,0,0,0.00,0,0,0.00,0,0,2.81,0.01,1,20038,0,1.91,0.00,0.00,0.00,0.90,0.00,2.37,0.00,0,0.00,0,0,0/0/0,87.86,0.00,20000,10000,10000,0,0,0,2026-09-09T18:48:13.6579069Z
135.65ms,7.4,0,10006,30009,"mass_navigation_agent_health_text_light:8568,mass_navigation_agent_health_hud_light:8568,mass_navigation_agent_azure_light:2142,mass_navigation_agent_crimson_light:2142,mass_navigation_agent_amber_light:2142,mass_navigation_agent_emerald_light:2142,mass_navigation_agent_health_text_heavy:1432,mass_navigation_agent_health_hud_heavy:1432",6,6,10000,10000/6,1.21,0.62,0.00,0.00,0.07,37.36,15.40,0.00,11.19,MassNavigationSimulationStepSystem:8.25,AbilityEndOrderSystem:0.77,EffectProcessingLoopSystem:0.51,26.02,PresenterBehaviorSystem:5.24,CameraCullingSystem:4.93,PresenterEntityTransformSyncSystem:4.40,5.24,0,0,0,0,10000,0.99,4.40,0.41,10009/0,3.64,10000/0,0.72,10009,0.00,0.00/0.00/0.00/0.00,0.00/0.00/0.00,0.00/0.00/0.00/0.00/0.00/0.00,0.00/0.00/0.00/0.00/0.00,4.93,3.04,0.01,1.86,4.92,0.00,15.02,20000,20000,0,2.58,0.03,4/0,0.00,0,0,0,0,2.52,0.00,0.04,0.01,6,0.00,0.02,6,2,2/0,0.00,0,0,0.00,0,0,0.00,0,0,3.75,0.34,3,20038,0,2.65,0.00,0.00,0.00,1.10,0.00,3.10,0.00,0,0.92,2966,2966,2966/0/0,72.17,0.00,20000,10000,10000,0,0,0,2026-09-09T18:48:21.4668863Z
135.67ms,7.4,0,10006,30009,"mass_navigation_agent_health_text_light:8568,mass_navigation_agent_health_hud_light:8568,mass_navigation_agent_azure_light:2142,mass_navigation_agent_crimson_light:2142,mass_navigation_agent_amber_light:2142,mass_navigation_agent_emerald_light:2142,mass_navigation_agent_health_text_heavy:1432,mass_navigation_agent_health_hud_heavy:1432",6,6,10000,10000/6,1.20,1.10,0.01,0.00,0.10,30.84,15.80,0.01,4.99,MassNavigationAuthoredAgentBindingSystem:1.36,MapEntityLifecycleObserverSystem:1.31,AttributeAggregatorSystem:1.07,25.65,CameraCullingSystem:5.77,PresenterBehaviorSystem:5.52,PresenterEmitSystem:3.75,5.51,0,170,170,0,10000,1.02,1.91,0.43,10009/0,3.65,10000/0,0.69,10009,0.00,0.00/0.00/0.00/0.00,0.00/0.00/0.00,0.00/0.00/0.00/0.00/0.00/0.00,0.00/0.00/0.00/0.00/0.00,5.77,2.92,0.01,2.83,5.77,0.00,15.06,20000,20000,0,3.15,0.02,4/0,0.00,0,0,0,0,3.08,0.00,0.05,0.03,6,0.00,0.03,6,2,2/0,0.00,0,0,0.00,0,0,0.00,0,0,6.30,0.72,3,20038,0,5.28,0.00,0.00,0.00,1.01,0.00,3.74,0.00,0,1.24,338,0,338/0/0,74.88,0.00,20000,10000,10000,0,0,0,2026-09-09T18:48:29.3143576Z
125.43ms,8.0,0,10006,30009,"mass_navigation_agent_health_text_light:8568,mass_navigation_agent_health_hud_light:8568,mass_navigation_agent_azure_light:2142,mass_navigation_agent_crimson_light:2142,mass_navigation_agent_amber_light:2142,mass_navigation_agent_emerald_light:2142,mass_navigation_agent_health_text_heavy:1432,mass_navigation_agent_health_hud_heavy:1432",6,6,10000,10000/6,1.19,0.67,0.00,0.00,0.06,51.04,14.95,0.01,25.85,MassNavigationSimulationStepSystem:23.48,SpatialPartitionUpdateSystem:0.48,AbilityEndOrderSystem:0.47,25.05,PresenterBehaviorSystem:5.18,CameraCullingSystem:4.31,PresenterEntityTransformSyncSystem:3.98,5.18,0,0,0,0,10000,1.00,3.98,0.45,10009/0,3.66,10000/0,0.67,10009,0.00,0.00/0.00/0.00/0.00,0.00/0.00/0.00,0.00/0.00/0.00/0.00/0.00/0.00,0.00/0.00/0.00/0.00/0.00,4.31,2.69,0.00,1.60,4.31,0.00,14.75,20000,20000,0,2.64,0.02,4/0,0.00,0,0,0,0,2.58,0.00,0.04,0.01,6,0.00,0.02,6,2,2/0,0.00,0,0,0.00,0,0,0.00,0,0,3.12,0.18,3,20038,0,2.21,0.00,0.00,0.00,0.91,0.00,3.32,0.00,0,0.98,3144,3144,3144/0/0,49.24,0.00,20000,10000,10000,0,0,0,2026-09-09T18:48:37.2082930Z
123.56ms,8.1,0,10006,30009,"mass_navigation_agent_health_text_light:8568,mass_navigation_agent_health_hud_light:8568,mass_navigation_agent_azure_light:2142,mass_navigation_agent_crimson_light:2142,mass_navigation_agent_amber_light:2142,mass_navigation_agent_emerald_light:2142,mass_navigation_agent_health_text_heavy:1432,mass_navigation_agent_health_hud_heavy:1432",6,6,10000,10000/6,1.21,0.62,0.00,0.00,0.06,52.80,14.72,0.01,27.23,MassNavigationSimulationStepSystem:24.73,SpatialPartitionUpdateSystem:0.59,AbilityEndOrderSystem:0.46,25.43,PresenterBehaviorSystem:5.15,CameraCullingSystem:4.38,PresenterEntityTransformSyncSystem:3.94,5.14,0,0,0,0,10000,0.99,3.94,0.41,10009/0,3.69,10000/0,0.68,10009,0.00,0.00/0.00/0.00/0.00,0.00/0.00/0.00,0.00/0.00/0.00/0.00/0.00/0.00,0.00/0.00/0.00/0.00/0.00,4.38,2.72,0.00,1.64,4.38,0.00,14.51,20000,20000,0,2.56,0.02,4/0,0.00,0,0,0,0,2.51,0.00,0.04,0.01,6,0.00,0.02,6,2,2/0,0.00,0,0,0.00,0,0,0.00,0,0,3.19,0.19,3,20038,0,2.21,0.00,0.00,0.00,0.97,0.00,3.79,0.00,0,1.04,3100,3100,3100/0/0,45.86,0.00,20000,10000,10000,0,0,0,2026-09-09T18:48:44.6335649Z
121.04ms,8.3,0,10006,30009,"mass_navigation_agent_health_text_light:8568,mass_navigation_agent_health_hud_light:8568,mass_navigation_agent_azure_light:2142,mass_navigation_agent_crimson_light:2142,mass_navigation_agent_amber_light:2142,mass_navigation_agent_emerald_light:2142,mass_navigation_agent_health_text_heavy:1432,mass_navigation_agent_health_hud_heavy:1432",6,6,10000,10000/6,1.22,0.65,0.00,0.00,0.05,28.48,15.35,0.01,5.81,AttributeAggregatorSystem:1.02,MassNavigationAuthoredAgentBindingSystem:1.02,MapEntityLifecycleObserverSystem:0.85,22.54,PresenterBehaviorSystem:5.47,CameraCullingSystem:4.19,MinimapPresentationSystem:3.70,5.47,0,163,163,0,10000,0.99,1.63,0.37,10009/0,3.69,10000/0,0.67,10009,0.00,0.00/0.00/0.00/0.00,0.00/0.00/0.00,0.00/0.00/0.00/0.00/0.00/0.00,0.00/0.00/0.00/0.00/0.00,4.19,2.79,0.01,1.38,4.18,0.00,14.86,20000,20000,0,2.63,0.02,4/0,0.00,0,0,0,0,2.57,0.00,0.04,0.01,6,0.00,0.02,6,2,2/0,0.00,0,0,0.00,0,0,0.00,0,0,5.45,0.47,3,20038,0,4.56,0.00,0.00,0.00,0.88,0.00,2.85,0.00,0,0.64,324,0,324/0/0,64.64,0.00,20000,10000,10000,0,0,0,2026-09-09T18:48:51.9637823Z
135.84ms,7.4,0,10006,30009,"mass_navigation_agent_health_text_light:8568,mass_navigation_agent_health_hud_light:8568,mass_navigation_agent_azure_light:2142,mass_navigation_agent_crimson_light:2142,mass_navigation_agent_amber_light:2142,mass_navigation_agent_emerald_light:2142,mass_navigation_agent_health_text_heavy:1432,mass_navigation_agent_health_hud_heavy:1432",6,6,10000,10000/6,1.20,1.08,0.00,0.00,0.06,42.37,15.77,0.01,11.03,MassNavigationSimulationStepSystem:8.02,AbilityEndOrderSystem:0.81,EffectProcessingLoopSystem:0.55,31.19,CameraCullingSystem:6.52,PresenterBehaviorSystem:5.81,MinimapPresentationSystem:4.60,5.81,0,0,0,0,10000,1.10,4.18,0.43,10009/0,4.58,10000/0,0.77,10009,0.00,0.00/0.00/0.00/0.00,0.00/0.00/0.00,0.00/0.00/0.00/0.00/0.00/0.00,0.00/0.00/0.00/0.00/0.00,6.52,3.21,0.01,3.28,6.52,0.00,15.17,20000,20000,0,3.10,0.02,4/0,0.00,0,0,0,0,3.04,0.00,0.04,0.01,6,0.00,0.03,6,2,2/0,0.00,0,0,0.00,0,0,0.00,0,0,3.12,0.57,3,20038,0,2.21,0.00,0.00,0.00,0.90,0.00,4.43,0.00,0,1.57,2842,2842,2842/0/0,66.97,0.00,20000,10000,10000,0,0,0,2026-09-09T18:48:59.7885364Z
138.00ms,7.2,0,10006,30009,"mass_navigation_agent_health_text_light:8568,mass_navigation_agent_health_hud_light:8568,mass_navigation_agent_azure_light:2142,mass_navigation_agent_crimson_light:2142,mass_navigation_agent_amber_light:2142,mass_navigation_agent_emerald_light:2142,mass_navigation_agent_health_text_heavy:1432,mass_navigation_agent_health_hud_heavy:1432",6,6,10000,10000/6,1.21,0.58,0.00,0.00,0.06,26.48,8.99,0.01,6.50,EffectProcessingLoopSystem:2.74,MassNavigationAuthoredAgentBindingSystem:1.35,MapEntityLifecycleObserverSystem:0.86,19.85,PresenterBehaviorSystem:5.56,CameraCullingSystem:4.74,PresenterEmitSystem:2.89,5.56,0,169,169,0,10000,1.02,1.81,0.35,10009/0,0.00,0/0,0.69,10009,0.00,0.00/0.00/0.00/0.00,0.00/0.00/0.00,0.00/0.00/0.00/0.00/0.00/0.00,0.00/0.00/0.00/0.00/0.00,4.74,2.85,0.01,1.87,4.74,0.00,8.66,20000,12076,0,2.60,0.03,4/0,0.00,0,0,0,0,2.54,0.00,0.05,0.01,6,0.00,0.03,6,2,2/0,0.00,0,0,0.00,0,0,0.00,0,0,3.34,0.29,2,12076,0,3.34,0.00,0.00,0.00,0.00,0.00,2.88,0.00,0,0.67,336,0,336/0/0,92.08,0.00,20000,6043,6033,0,0,0,2026-09-09T18:49:07.9239757Z
138.40ms,7.2,0,10006,30009,"mass_navigation_agent_health_text_light:8568,mass_navigation_agent_health_hud_light:8568,mass_navigation_agent_azure_light:2142,mass_navigation_agent_crimson_light:2142,mass_navigation_agent_amber_light:2142,mass_navigation_agent_emerald_light:2142,mass_navigation_agent_health_text_heavy:1432,mass_navigation_agent_health_hud_heavy:1432",6,6,10000,10000/6,1.20,0.59,0.00,0.00,0.06,27.03,9.03,0.01,4.88,MassNavigationAuthoredAgentBindingSystem:1.48,AttributeAggregatorSystem:1.14,MapEntityLifecycleObserverSystem:1.07,22.02,PresenterBehaviorSystem:5.74,CameraCullingSystem:4.80,PresenterEmitSystem:3.73,5.74,0,187,187,0,10000,1.15,2.21,0.50,10009/0,0.00,0/0,0.80,10009,0.00,0.00/0.00/0.00/0.00,0.00/0.00/0.00,0.00/0.00/0.00/0.00/0.00/0.00,0.00/0.00/0.00/0.00/0.00,4.80,2.71,0.00,2.07,4.79,0.00,8.67,20000,12076,0,2.59,0.03,4/0,0.00,0,0,0,0,2.51,0.00,0.04,0.01,6,0.00,0.03,6,2,2/0,0.00,0,0,0.00,0,0,0.00,0,0,4.06,0.34,2,12076,0,4.05,0.00,0.00,0.00,0.00,0.00,3.73,0.00,0,0.75,372,0,372/0/0,90.77,0.00,20000,6043,6033,0,0,0,2026-09-09T18:49:15.8381810Z
139.54ms,7.2,0,10006,30009,"mass_navigation_agent_health_text_light:8568,mass_navigation_agent_health_hud_light:8568,mass_navigation_agent_azure_light:2142,mass_navigation_agent_crimson_light:2142,mass_navigation_agent_amber_light:2142,mass_navigation_agent_emerald_light:2142,mass_navigation_agent_health_text_heavy:1432,mass_navigation_agent_health_hud_heavy:1432",6,6,10000,10000/6,1.23,0.75,0.01,0.00,0.09,23.77,8.87,0.01,0.39,EffectProcessingLoopSystem:0.37,:0.00,:0.00,23.16,PresenterBehaviorSystem:5.47,CameraCullingSystem:5.41,PresenterEntityTransformSyncSystem:4.36,5.46,0,0,0,0,10000,1.00,4.35,0.41,10009/0,0.00,0/0,0.78,10009,0.00,0.00/0.00/0.00/0.00,0.00/0.00/0.00,0.00/0.00/0.00/0.00/0.00/0.00,0.00/0.00/0.00/0.00/0.00,5.41,2.75,0.01,2.64,5.41,0.00,8.83,20000,12072,0,2.74,0.02,4/0,0.00,0,0,0,0,2.68,0.00,0.04,0.01,6,0.00,0.02,6,2,2/0,0.00,0,0,0.00,0,0,0.00,0,0,1.85,0.00,0,12072,0,1.85,0.00,0.00,0.00,0.00,0.00,2.58,0.00,0,0.00,0,0,0/0/0,97.63,0.00,20000,6041,6031,0,0,0,2026-09-09T18:49:23.8646919Z
124.45ms,8.0,0,10006,30009,"mass_navigation_agent_health_text_light:8568,mass_navigation_agent_health_hud_light:8568,mass_navigation_agent_azure_light:2142,mass_navigation_agent_crimson_light:2142,mass_navigation_agent_amber_light:2142,mass_navigation_agent_emerald_light:2142,mass_navigation_agent_health_text_heavy:1432,mass_navigation_agent_health_hud_heavy:1432",6,6,10000,10000/6,1.20,0.66,0.00,0.00,0.06,19.62,8.72,0.01,0.33,EffectProcessingLoopSystem:0.32,:0.00,:0.00,19.16,CameraCullingSystem:5.33,PresenterBehaviorSystem:5.12,PresenterEmitSystem:2.25,5.12,0,0,0,0,10000,0.98,1.90,0.39,10009/0,0.00,0/0,0.67,10009,0.00,0.00/0.00/0.00/0.00,0.00/0.00/0.00,0.00/0.00/0.00/0.00/0.00/0.00,0.00/0.00/0.00/0.00/0.00,5.32,2.81,0.01,2.50,5.32,0.00,8.69,20000,12072,0,2.71,0.03,4/0,0.00,0,0,0,0,2.65,0.00,0.04,0.01,6,0.00,0.02,6,2,2/0,0.00,0,0,0.00,0,0,0.00,0,0,1.50,0.00,0,12072,0,1.50,0.00,0.00,0.00,0.00,0.00,2.25,0.00,0,0.00,0,0,0/0/0,87.45,0.00,20000,6041,6031,0,0,0,2026-09-09T18:49:31.5661809Z
123.98ms,8.1,0,10006,30009,"mass_navigation_agent_health_text_light:8568,mass_navigation_agent_health_hud_light:8568,mass_navigation_agent_azure_light:2142,mass_navigation_agent_crimson_light:2142,mass_navigation_agent_amber_light:2142,mass_navigation_agent_emerald_light:2142,mass_navigation_agent_health_text_heavy:1432,mass_navigation_agent_health_hud_heavy:1432",6,6,10000,10000/6,1.22,0.59,0.00,0.00,0.06,23.59,9.02,0.00,4.25,MassNavigationAuthoredAgentBindingSystem:1.44,AttributeAggregatorSystem:0.98,MapEntityLifecycleObserverSystem:0.90,19.22,PresenterBehaviorSystem:5.44,CameraCullingSystem:4.16,PresenterEmitSystem:3.27,5.44,0,162,162,0,10000,0.99,1.65,0.37,10009/0,0.00,0/0,0.67,10009,0.00,0.00/0.00/0.00/0.00,0.00/0.00/0.00,0.00/0.00/0.00/0.00/0.00/0.00,0.00/0.00/0.00/0.00/0.00,4.16,2.73,0.00,1.41,4.16,0.00,8.72,20000,12072,0,2.54,0.02,4/0,0.00,0,0,0,0,2.48,0.00,0.03,0.01,6,0.00,0.02,6,2,2/0,0.00,0,0,0.00,0,0,0.00,0,0,3.33,0.29,2,12072,0,3.32,0.00,0.00,0.00,0.00,0.00,3.27,0.00,0,0.65,322,0,322/0/0,81.15,0.00,20000,6041,6031,0,0,0,2026-09-09T18:49:39.7444744Z
187.90ms,5.3,0,10006,30009,"mass_navigation_agent_health_text_light:8568,mass_navigation_agent_health_hud_light:8568,mass_navigation_agent_azure_light:2142,mass_navigation_agent_crimson_light:2142,mass_navigation_agent_amber_light:2142,mass_navigation_agent_emerald_light:2142,mass_navigation_agent_health_text_heavy:1432,mass_navigation_agent_health_hud_heavy:1432",6,6,10000,10000/6,1.22,1.02,0.01,0.00,0.06,22.35,8.77,0.01,2.32,EffectProcessingLoopSystem:2.31,:0.00,:0.00,19.90,CameraCullingSystem:5.30,PresenterBehaviorSystem:5.20,PresenterEmitSystem:2.85,5.20,0,0,0,0,10000,1.00,1.96,0.38,10009/0,0.00,0/0,0.67,10009,0.00,0.00/0.00/0.00/0.00,0.00/0.00/0.00,0.00/0.00/0.00/0.00/0.00/0.00,0.00/0.00/0.00/0.00/0.00,5.29,2.76,0.01,2.52,5.29,0.00,8.74,20000,12071,0,3.15,0.03,4/0,0.00,0,0,0,0,3.09,0.00,0.04,0.01,6,0.00,0.02,6,2,2/0,0.00,0,0,0.00,0,0,0.00,0,0,2.07,0.00,0,12071,0,2.07,0.00,0.00,0.00,0.00,0.00,2.85,0.00,0,0.00,0,0,0/0/0,146.97,0.00,20000,6041,6030,0,0,0,2026-09-09T18:49:47.5168215Z
130.27ms,7.7,0,10006,30009,"mass_navigation_agent_health_text_light:8568,mass_navigation_agent_health_hud_light:8568,mass_navigation_agent_azure_light:2142,mass_navigation_agent_crimson_light:2142,mass_navigation_agent_amber_light:2142,mass_navigation_agent_emerald_light:2142,mass_navigation_agent_health_text_heavy:1432,mass_navigation_agent_health_hud_heavy:1432",6,6,10000,10000/6,1.20,0.64,0.00,0.00,0.06,29.60,8.99,0.01,8.28,MassNavigationSimulationStepSystem:6.07,AbilityEndOrderSystem:0.55,EffectProcessingLoopSystem:0.41,21.18,PresenterBehaviorSystem:5.14,CameraCullingSystem:4.24,PresenterEntityTransformSyncSystem:3.79,5.14,0,0,0,0,10000,0.99,3.79,0.38,10009/0,0.00,0/0,0.68,10009,0.00,0.00/0.00/0.00/0.00,0.00/0.00/0.00,0.00/0.00/0.00/0.00/0.00/0.00,0.00/0.00/0.00/0.00/0.00,4.24,2.65,0.00,1.57,4.24,0.00,8.69,20000,12068,0,2.60,0.02,4/0,0.00,0,0,0,0,2.54,0.00,0.04,0.01,6,0.00,0.02,6,2,2/0,0.00,0,0,0.00,0,0,0.00,0,0,1.66,0.27,2,12068,0,1.66,0.00,0.00,0.00,0.00,0.00,3.54,0.00,0,0.84,2754,2754,2754/0/0,83.04,0.00,20000,6039,6029,0,0,0,2026-09-09T18:49:55.7626876Z
125.70ms,8.0,0,10006,30009,"mass_navigation_agent_health_text_light:8568,mass_navigation_agent_health_hud_light:8568,mass_navigation_agent_azure_light:2142,mass_navigation_agent_crimson_light:2142,mass_navigation_agent_amber_light:2142,mass_navigation_agent_emerald_light:2142,mass_navigation_agent_health_text_heavy:1432,mass_navigation_agent_health_hud_heavy:1432",6,6,10000,10000/6,1.39,0.58,0.00,0.00,0.06,23.62,9.15,0.01,4.39,MassNavigationAuthoredAgentBindingSystem:1.44,AttributeAggregatorSystem:1.11,MapEntityLifecycleObserverSystem:0.95,19.10,PresenterBehaviorSystem:5.40,CameraCullingSystem:4.40,PresenterEmitSystem:2.87,5.40,0,171,171,0,10000,1.00,1.63,0.40,10009/0,0.00,0/0,0.68,10009,0.00,0.00/0.00/0.00/0.00,0.00/0.00/0.00,0.00/0.00/0.00/0.00/0.00/0.00,0.00/0.00/0.00/0.00/0.00,4.40,2.82,0.00,1.57,4.40,0.00,8.77,20000,12066,0,2.64,0.03,4/0,0.00,0,0,0,0,2.57,0.00,0.03,0.01,6,0.00,0.02,6,2,2/0,0.00,0,0,0.00,0,0,0.00,0,0,3.25,0.35,2,12066,0,3.25,0.00,0.00,0.00,0.00,0.00,2.87,0.00,0,0.67,340,0,340/0/0,82.29,0.00,20000,6038,6028,0,0,0,2026-09-09T18:50:03.3919158Z
125.17ms,8.0,0,10006,30009,"mass_navigation_agent_health_text_light:8568,mass_navigation_agent_health_hud_light:8568,mass_navigation_agent_azure_light:2142,mass_navigation_agent_crimson_light:2142,mass_navigation_agent_amber_light:2142,mass_navigation_agent_emerald_light:2142,mass_navigation_agent_health_text_heavy:1432,mass_navigation_agent_health_hud_heavy:1432",6,6,10000,10000/6,1.21,0.64,0.00,0.00,0.06,19.71,8.70,0.01,0.33,EffectProcessingLoopSystem:0.32,:0.00,:0.00,19.24,CameraCullingSystem:5.27,PresenterBehaviorSystem:5.25,PresenterEmitSystem:2.31,5.25,0,0,0,0,10000,1.02,1.75,0.39,10009/0,0.00,0/0,0.68,10009,0.00,0.00/0.00/0.00/0.00,0.00/0.00/0.00,0.00/0.00/0.00/0.00/0.00/0.00,0.00/0.00/0.00/0.00/0.00,5.27,2.75,0.01,2.50,5.27,0.00,8.68,20000,12066,0,2.62,0.02,4/0,0.00,0,0,0,0,2.56,0.00,0.04,0.01,6,0.00,0.02,6,2,2/0,0.00,0,0,0.00,0,0,0.00,0,0,1.53,0.00,0,12066,0,1.53,0.00,0.00,0.00,0.00,0.00,2.31,0.00,0,0.00,0,0,0/0/0,88.17,0.00,20000,6038,6028,0,0,0,2026-09-09T18:50:10.9788974Z
127.04ms,7.9,0,10006,30009,"mass_navigation_agent_health_text_light:8568,mass_navigation_agent_health_hud_light:8568,mass_navigation_agent_azure_light:2142,mass_navigation_agent_crimson_light:2142,mass_navigation_agent_amber_light:2142,mass_navigation_agent_emerald_light:2142,mass_navigation_agent_health_text_heavy:1432,mass_navigation_agent_health_hud_heavy:1432",6,6,10000,10000/6,1.21,0.66,0.00,0.00,0.05,20.23,8.71,0.00,0.35,EffectProcessingLoopSystem:0.34,:0.00,:0.00,19.75,CameraCullingSystem:5.27,PresenterBehaviorSystem:5.21,PresenterEmitSystem:2.40,5.21,0,0,0,0,10000,0.99,2.18,0.44,10009/0,0.00,0/0,0.66,10009,0.00,0.00/0.00/0.00/0.00,0.00/0.00/0.00,0.00/0.00/0.00/0.00/0.00/0.00,0.00/0.00/0.00/0.00/0.00,5.27,2.72,0.01,2.54,5.27,0.00,8.68,20000,12066,0,2.63,0.03,4/0,0.00,0,0,0,0,2.55,0.00,0.04,0.01,6,0.00,0.02,6,2,2/0,0.00,0,0,0.00,0,0,0.00,0,0,1.59,0.00,0,12066,0,1.58,0.00,0.00,0.00,0.00,0.00,2.39,0.00,0,0.00,0,0,0/0/0,89.45,0.00,20000,6038,6028,0,0,0,2026-09-09T18:50:18.5756566Z
124.52ms,8.0,0,10006,30009,"mass_navigation_agent_health_text_light:8568,mass_navigation_agent_health_hud_light:8568,mass_navigation_agent_azure_light:2142,mass_navigation_agent_crimson_light:2142,mass_navigation_agent_amber_light:2142,mass_navigation_agent_emerald_light:2142,mass_navigation_agent_health_text_heavy:1432,mass_navigation_agent_health_hud_heavy:1432",6,6,10000,10000/6,1.22,0.69,0.00,0.00,0.05,21.91,8.81,0.01,2.59,EffectProcessingLoopSystem:2.58,:0.00,:0.00,19.20,PresenterBehaviorSystem:5.30,CameraCullingSystem:5.28,PresenterEmitSystem:2.24,5.30,0,0,0,0,10000,1.04,1.73,0.40,10009/0,0.00,0/0,0.72,10009,0.00,0.00/0.00/0.00/0.00,0.00/0.00/0.00,0.00/0.00/0.00/0.00/0.00/0.00,0.00/0.00/0.00/0.00/0.00,5.28,2.73,0.00,2.53,5.28,0.00,8.78,20000,12066,0,2.71,0.02,4/0,0.00,0,0,0,0,2.65,0.00,0.05,0.01,6,0.00,0.03,6,2,2/0,0.00,0,0,0.00,0,0,0.00,0,0,1.55,0.00,0,12066,0,1.55,0.00,0.00,0.00,0.00,0.00,2.23,0.00,0,0.00,0,0,0/0/0,85.04,0.00,20000,6038,6028,0,0,0,2026-09-09T18:50:26.2990232Z
124.11ms,8.1,0,10006,30009,"mass_navigation_agent_health_text_light:8568,mass_navigation_agent_health_hud_light:8568,mass_navigation_agent_azure_light:2142,mass_navigation_agent_crimson_light:2142,mass_navigation_agent_amber_light:2142,mass_navigation_agent_emerald_light:2142,mass_navigation_agent_health_text_heavy:1432,mass_navigation_agent_health_hud_heavy:1432",6,6,10000,10000/6,1.19,0.64,0.00,0.00,0.06,24.08,9.03,0.01,4.55,MassNavigationAuthoredAgentBindingSystem:1.45,AttributeAggregatorSystem:1.12,MapEntityLifecycleObserverSystem:0.99,19.40,PresenterBehaviorSystem:5.63,CameraCullingSystem:4.24,PresenterEmitSystem:3.03,5.63,0,185,185,0,10000,0.99,1.67,0.40,10009/0,0.00,0/0,0.69,10009,0.00,0.00/0.00/0.00/0.00,0.00/0.00/0.00,0.00/0.00/0.00/0.00/0.00/0.00,0.00/0.00/0.00/0.00/0.00,4.24,2.67,0.00,1.55,4.23,0.00,8.69,20000,12066,0,2.59,0.02,4/0,0.00,0,0,0,0,2.53,0.00,0.04,0.01,6,0.00,0.02,6,2,2/0,0.00,0,0,0.00,0,0,0.00,0,0,3.33,0.32,2,12066,0,3.33,0.00,0.00,0.00,0.00,0.00,3.03,0.00,0,0.77,368,0,368/0/0,80.60,0.00,20000,6038,6028,0,0,0,2026-09-09T18:50:33.7565162Z
125.19ms,8.0,0,10006,30009,"mass_navigation_agent_health_text_light:8568,mass_navigation_agent_health_hud_light:8568,mass_navigation_agent_azure_light:2142,mass_navigation_agent_crimson_light:2142,mass_navigation_agent_amber_light:2142,mass_navigation_agent_emerald_light:2142,mass_navigation_agent_health_text_heavy:1432,mass_navigation_agent_health_hud_heavy:1432",6,6,10000,10000/6,1.21,0.65,0.00,0.00,0.06,21.69,8.68,0.00,2.58,EffectProcessingLoopSystem:2.57,:0.00,:0.00,18.98,CameraCullingSystem:5.28,PresenterBehaviorSystem:5.11,PresenterEmitSystem:2.25,5.11,0,0,0,0,10000,1.00,1.76,0.39,10009/0,0.00,0/0,0.67,10009,0.00,0.00/0.00/0.00/0.00,0.00/0.00/0.00,0.00/0.00/0.00/0.00/0.00/0.00,0.00/0.00/0.00/0.00/0.00,5.28,2.70,0.00,2.56,5.28,0.00,8.66,20000,12066,0,2.63,0.02,4/0,0.00,0,0,0,0,2.57,0.00,0.04,0.01,6,0.00,0.03,6,2,2/0,0.00,0,0,0.00,0,0,0.00,0,0,1.53,0.00,0,12066,0,1.53,0.00,0.00,0.00,0.00,0.00,2.25,0.00,0,0.00,0,0,0/0/0,86.22,0.00,20000,6038,6028,0,0,0,2026-09-09T18:50:41.2789763Z
124.99ms,8.0,0,10006,30009,"mass_navigation_agent_health_text_light:8568,mass_navigation_agent_health_hud_light:8568,mass_navigation_agent_azure_light:2142,mass_navigation_agent_crimson_light:2142,mass_navigation_agent_amber_light:2142,mass_navigation_agent_emerald_light:2142,mass_navigation_agent_health_text_heavy:1432,mass_navigation_agent_health_hud_heavy:1432",6,6,10000,10000/6,1.21,0.66,0.00,0.00,0.06,19.37,8.65,0.01,0.34,EffectProcessingLoopSystem:0.33,:0.00,:0.00,18.89,CameraCullingSystem:5.25,PresenterBehaviorSystem:5.13,PresenterEmitSystem:2.22,5.13,0,0,0,0,10000,0.99,1.76,0.34,10009/0,0.00,0/0,0.67,10009,0.00,0.00/0.00/0.00/0.00,0.00/0.00/0.00,0.00/0.00/0.00/0.00/0.00/0.00,0.00/0.00/0.00/0.00/0.00,5.25,2.70,0.00,2.53,5.25,0.00,8.62,20000,12066,0,2.63,0.02,4/0,0.00,0,0,0,0,2.57,0.00,0.03,0.01,6,0.00,0.02,6,2,2/0,0.00,0,0,0.00,0,0,0.00,0,0,1.50,0.00,0,12066,0,1.49,0.00,0.00,0.00,0.00,0.00,2.22,0.00,0,0.00,0,0,0/0/0,88.41,0.00,20000,6038,6028,0,0,0,2026-09-09T18:50:48.8044104Z
133.20ms,7.5,0,10006,30009,"mass_navigation_agent_health_text_light:8568,mass_navigation_agent_health_hud_light:8568,mass_navigation_agent_azure_light:2142,mass_navigation_agent_crimson_light:2142,mass_navigation_agent_amber_light:2142,mass_navigation_agent_emerald_light:2142,mass_navigation_agent_health_text_heavy:1432,mass_navigation_agent_health_hud_heavy:1432",6,6,10000,10000/6,1.21,0.65,0.00,0.00,0.06,48.15,8.93,0.01,27.17,MassNavigationSimulationStepSystem:24.62,SpatialPartitionUpdateSystem:0.49,AbilityEndOrderSystem:0.48,20.84,PresenterBehaviorSystem:5.13,CameraCullingSystem:4.37,PresenterEntityTransformSyncSystem:3.80,5.12,0,0,0,0,10000,0.99,3.80,0.38,10009/0,0.00,0/0,0.67,10009,0.00,0.00/0.00/0.00/0.00,0.00/0.00/0.00,0.00/0.00/0.00/0.00/0.00/0.00,0.00/0.00/0.00/0.00/0.00,4.36,2.68,0.01,1.66,4.36,0.00,8.64,20000,12066,0,2.64,0.02,4/0,0.00,0,0,0,0,2.58,0.00,0.04,0.01,6,0.00,0.02,6,2,2/0,0.00,0,0,0.00,0,0,0.00,0,0,1.73,0.27,2,12066,0,1.72,0.00,0.00,0.00,0.00,0.00,3.08,0.00,0,0.90,2816,2816,2816/0/0,67.19,0.00,20000,6038,6028,0,0,0,2026-09-09T18:50:56.3999845Z
123.99ms,8.1,0,10006,30009,"mass_navigation_agent_health_text_light:8568,mass_navigation_agent_health_hud_light:8568,mass_navigation_agent_azure_light:2142,mass_navigation_agent_crimson_light:2142,mass_navigation_agent_amber_light:2142,mass_navigation_agent_emerald_light:2142,mass_navigation_agent_health_text_heavy:1432,mass_navigation_agent_health_hud_heavy:1432",6,6,10000,10000/6,1.21,0.63,0.00,0.00,0.05,21.55,8.63,0.01,2.34,EffectProcessingLoopSystem:2.33,:0.00,:0.00,19.10,CameraCullingSystem:5.23,PresenterBehaviorSystem:5.18,PresenterEmitSystem:2.19,5.18,0,0,0,0,10000,0.99,1.97,0.37,10009/0,0.00,0/0,0.68,10009,0.00,0.00/0.00/0.00/0.00,0.00/0.00/0.00,0.00/0.00/0.00/0.00/0.00/0.00,0.00/0.00/0.00/0.00/0.00,5.22,2.78,0.01,2.43,5.22,0.00,8.60,20000,12066,0,2.66,0.02,4/0,0.00,0,0,0,0,2.60,0.00,0.04,0.01,6,0.00,0.02,6,2,2/0,0.00,0,0,0.00,0,0,0.00,0,0,1.54,0.00,0,12066,0,1.53,0.00,0.00,0.00,0.00,0.00,2.19,0.00,0,0.00,0,0,0/0/0,85.29,0.00,20000,6038,6028,0,0,0,2026-09-09T18:51:04.2298020Z
126.90ms,7.9,0,10006,30009,"mass_navigation_agent_health_text_light:8568,mass_navigation_agent_health_hud_light:8568,mass_navigation_agent_azure_light:2142,mass_navigation_agent_crimson_light:2142,mass_navigation_agent_amber_light:2142,mass_navigation_agent_emerald_light:2142,mass_navigation_agent_health_text_heavy:1432,mass_navigation_agent_health_hud_heavy:1432",6,6,10000,10000/6,1.20,0.68,0.00,0.00,0.05,20.02,8.78,0.01,0.33,EffectProcessingLoopSystem:0.33,:0.00,:0.00,19.55,CameraCullingSystem:5.49,PresenterBehaviorSystem:5.17,PresenterEmitSystem:2.21,5.17,0,0,0,0,10000,1.00,2.00,0.47,10009/0,0.00,0/0,0.66,10009,0.00,0.00/0.00/0.00/0.00,0.00/0.00/0.00,0.00/0.00/0.00/0.00/0.00/0.00,0.00/0.00/0.00/0.00/0.00,5.49,2.84,0.01,2.63,5.49,0.00,8.76,20000,12066,0,2.68,0.02,4/0,0.00,0,0,0,0,2.63,0.00,0.04,0.01,6,0.00,0.02,6,2,2/0,0.00,0,0,0.00,0,0,0.00,0,0,1.76,0.00,0,12066,0,1.76,0.00,0.00,0.00,0.00,0.00,2.21,0.00,0,0.00,0,0,0/0/0,89.26,0.00,20000,6038,6028,0,0,0,2026-09-09T18:51:11.8037502Z
124.14ms,8.1,0,10006,30009,"mass_navigation_agent_health_text_light:8568,mass_navigation_agent_health_hud_light:8568,mass_navigation_agent_azure_light:2142,mass_navigation_agent_crimson_light:2142,mass_navigation_agent_amber_light:2142,mass_navigation_agent_emerald_light:2142,mass_navigation_agent_health_text_heavy:1432,mass_navigation_agent_health_hud_heavy:1432",6,6,10000,10000/6,1.21,0.69,0.00,0.00,0.06,19.80,8.61,0.00,0.36,EffectProcessingLoopSystem:0.35,:0.00,:0.00,19.31,CameraCullingSystem:5.30,PresenterBehaviorSystem:5.28,PresenterEmitSystem:2.33,5.28,0,0,0,0,10000,1.00,1.81,0.40,10009/0,0.00,0/0,0.68,10009,0.00,0.00/0.00/0.00/0.00,0.00/0.00/0.00,0.00/0.00/0.00/0.00/0.00/0.00,0.00/0.00/0.00/0.00/0.00,5.30,2.73,0.00,2.54,5.29,0.00,8.58,20000,12066,0,2.72,0.04,4/0,0.00,0,0,0,0,2.64,0.00,0.04,0.01,6,0.00,0.02,6,2,2/0,0.00,0,0,0.00,0,0,0.00,0,0,1.54,0.00,0,12066,0,1.54,0.00,0.00,0.00,0.00,0.00,2.33,0.00,0,0.00,0,0,0/0/0,87.03,0.00,20000,6038,6028,0,0,0,2026-09-09T18:51:19.3111042Z
123.12ms,8.1,0,10006,30009,"mass_navigation_agent_health_text_light:8568,mass_navigation_agent_health_hud_light:8568,mass_navigation_agent_azure_light:2142,mass_navigation_agent_crimson_light:2142,mass_navigation_agent_amber_light:2142,mass_navigation_agent_emerald_light:2142,mass_navigation_agent_health_text_heavy:1432,mass_navigation_agent_health_hud_heavy:1432",6,6,10000,10000/6,1.20,0.62,0.00,0.00,0.06,23.64,9.06,0.00,4.27,MassNavigationAuthoredAgentBindingSystem:1.52,AttributeAggregatorSystem:0.95,MapEntityLifecycleObserverSystem:0.94,19.23,PresenterBehaviorSystem:5.54,CameraCullingSystem:4.39,PresenterEmitSystem:2.81,5.54,0,154,154,0,10000,1.00,1.71,0.36,10009/0,0.00,0/0,0.68,10009,0.00,0.00/0.00/0.00/0.00,0.00/0.00/0.00,0.00/0.00/0.00/0.00/0.00/0.00,0.00/0.00/0.00/0.00/0.00,4.39,2.75,0.01,1.62,4.38,0.00,8.77,20000,12066,0,2.60,0.03,4/0,0.00,0,0,0,0,2.55,0.00,0.04,0.01,6,0.00,0.02,6,2,2/0,0.00,0,0,0.00,0,0,0.00,0,0,3.42,0.27,2,12066,0,3.42,0.00,0.00,0.00,0.00,0.00,2.81,0.00,0,0.63,306,0,306/0/0,79.96,0.00,20000,6038,6028,0,0,0,2026-09-09T18:51:26.8545502Z
123.97ms,8.1,0,10006,30009,"mass_navigation_agent_health_text_light:8568,mass_navigation_agent_health_hud_light:8568,mass_navigation_agent_azure_light:2142,mass_navigation_agent_crimson_light:2142,mass_navigation_agent_amber_light:2142,mass_navigation_agent_emerald_light:2142,mass_navigation_agent_health_text_heavy:1432,mass_navigation_agent_health_hud_heavy:1432",6,6,10000,10000/6,1.20,0.66,0.00,0.00,0.05,23.77,9.10,0.01,4.28,MassNavigationAuthoredAgentBindingSystem:1.33,AttributeAggregatorSystem:1.10,MapEntityLifecycleObserverSystem:0.89,19.36,PresenterBehaviorSystem:5.68,CameraCullingSystem:4.27,PresenterEmitSystem:3.04,5.68,0,186,186,0,10000,1.00,1.61,0.34,10009/0,0.00,0/0,0.69,10009,0.00,0.00/0.00/0.00/0.00,0.00/0.00/0.00,0.00/0.00/0.00/0.00/0.00/0.00,0.00/0.00/0.00/0.00/0.00,4.27,2.73,0.00,1.52,4.27,0.00,8.78,20000,12066,0,2.69,0.02,4/0,0.00,0,0,0,0,2.61,0.00,0.04,0.01,6,0.00,0.02,6,2,2/0,0.00,0,0,0.00,0,0,0.00,0,0,3.32,0.30,2,12066,0,3.31,0.00,0.00,0.00,0.00,0.00,3.03,0.00,0,0.73,370,0,370/0/0,80.64,0.00,20000,6038,6028,0,0,0,2026-09-09T18:51:34.3912059Z
124.23ms,8.0,0,10006,30009,"mass_navigation_agent_health_text_light:8568,mass_navigation_agent_health_hud_light:8568,mass_navigation_agent_azure_light:2142,mass_navigation_agent_crimson_light:2142,mass_navigation_agent_amber_light:2142,mass_navigation_agent_emerald_light:2142,mass_navigation_agent_health_text_heavy:1432,mass_navigation_agent_health_hud_heavy:1432",6,6,10000,10000/6,1.23,0.65,0.00,0.00,0.05,19.69,8.64,0.00,0.33,EffectProcessingLoopSystem:0.32,:0.00,:0.00,19.16,CameraCullingSystem:5.26,PresenterBehaviorSystem:5.13,PresenterEmitSystem:2.25,5.13,0,0,0,0,10000,0.99,1.87,0.41,10009/0,0.00,0/0,0.69,10009,0.00,0.00/0.00/0.00/0.00,0.00/0.00/0.00,0.00/0.00/0.00/0.00/0.00/0.00,0.00/0.00/0.00/0.00/0.00,5.26,2.66,0.00,2.58,5.26,0.00,8.62,20000,12066,0,2.62,0.02,4/0,0.00,0,0,0,0,2.57,0.00,0.04,0.01,6,0.00,0.02,6,2,2/0,0.00,0,0,0.00,0,0,0.00,0,0,1.50,0.00,0,12066,0,1.50,0.00,0.00,0.00,0.00,0.00,2.25,0.00,0,0.00,0,0,0/0/0,87.34,0.00,20000,6038,6028,0,0,0,2026-09-09T18:51:41.8999144Z
123.97ms,8.1,0,10006,30009,"mass_navigation_agent_health_text_light:8568,mass_navigation_agent_health_hud_light:8568,mass_navigation_agent_azure_light:2142,mass_navigation_agent_crimson_light:2142,mass_navigation_agent_amber_light:2142,mass_navigation_agent_emerald_light:2142,mass_navigation_agent_health_text_heavy:1432,mass_navigation_agent_health_hud_heavy:1432",6,6,10000,10000/6,1.21,0.71,0.00,0.00,0.04,21.16,8.74,0.00,2.56,EffectProcessingLoopSystem:2.55,:0.00,:0.00,18.47,PresenterBehaviorSystem:5.09,CameraCullingSystem:4.81,PresenterEmitSystem:2.21,5.09,0,0,0,0,10000,1.01,1.71,0.41,10009/0,0.00,0/0,0.69,10009,0.00,0.00/0.00/0.00/0.00,0.00/0.00/0.00,0.00/0.00/0.00/0.00/0.00/0.00,0.00/0.00/0.00/0.00/0.00,4.81,2.68,0.00,2.10,4.80,0.00,8.71,20000,12066,0,2.71,0.03,4/0,0.00,0,0,0,0,2.64,0.00,0.04,0.01,6,0.00,0.03,6,2,2/0,0.00,0,0,0.00,0,0,0.00,0,0,1.62,0.00,0,12066,0,1.62,0.00,0.00,0.00,0.00,0.00,2.21,0.00,0,0.00,0,0,0/0/0,85.32,0.00,20000,6038,6028,0,0,0,2026-09-09T18:51:49.4370478Z
123.56ms,8.1,0,10006,30009,"mass_navigation_agent_health_text_light:8568,mass_navigation_agent_health_hud_light:8568,mass_navigation_agent_azure_light:2142,mass_navigation_agent_crimson_light:2142,mass_navigation_agent_amber_light:2142,mass_navigation_agent_emerald_light:2142,mass_navigation_agent_health_text_heavy:1432,mass_navigation_agent_health_hud_heavy:1432",6,6,10000,10000/6,1.20,0.66,0.00,0.00,0.05,19.83,8.62,0.00,0.33,EffectProcessingLoopSystem:0.32,:0.00,:0.00,19.37,PresenterBehaviorSystem:5.29,CameraCullingSystem:5.23,PresenterEmitSystem:2.16,5.28,0,0,0,0,10000,1.00,1.88,0.52,10009/0,0.00,0/0,0.69,10009,0.00,0.00/0.00/0.00/0.00,0.00/0.00/0.00,0.00/0.00/0.00/0.00/0.00/0.00,0.00/0.00/0.00/0.00/0.00,5.23,2.70,0.00,2.51,5.23,0.00,8.59,20000,12066,0,2.65,0.02,4/0,0.00,0,0,0,0,2.58,0.00,0.04,0.01,6,0.00,0.02,6,2,2/0,0.00,0,0,0.00,0,0,0.00,0,0,1.56,0.00,0,12066,0,1.55,0.00,0.00,0.00,0.00,0.00,2.16,0.00,0,0.00,0,0,0/0/0,86.48,0.00,20000,6038,6028,0,0,0,2026-09-09T18:51:57.0025972Z
124.74ms,8.0,0,10006,30009,"mass_navigation_agent_health_text_light:8568,mass_navigation_agent_health_hud_light:8568,mass_navigation_agent_azure_light:2142,mass_navigation_agent_crimson_light:2142,mass_navigation_agent_amber_light:2142,mass_navigation_agent_emerald_light:2142,mass_navigation_agent_health_text_heavy:1432,mass_navigation_agent_health_hud_heavy:1432",6,6,10000,10000/6,1.20,0.64,0.00,0.00,0.06,21.86,8.80,0.01,2.53,EffectProcessingLoopSystem:2.52,:0.00,:0.00,19.20,CameraCullingSystem:5.28,PresenterBehaviorSystem:5.18,PresenterEmitSystem:2.23,5.18,0,0,0,0,10000,1.01,1.80,0.42,10009/0,0.00,0/0,0.68,10009,0.00,0.00/0.00/0.00/0.00,0.00/0.00/0.00,0.00/0.00/0.00/0.00/0.00/0.00,0.00/0.00/0.00/0.00/0.00,5.28,2.75,0.00,2.51,5.27,0.00,8.77,20000,12066,0,2.65,0.02,4/0,0.00,0,0,0,0,2.60,0.00,0.03,0.01,6,0.00,0.02,6,2,2/0,0.00,0,0,0.00,0,0,0.00,0,0,1.59,0.00,0,12066,0,1.58,0.00,0.00,0.00,0.00,0.00,2.22,0.00,0,0.00,0,0,0/0/0,85.33,0.00,20000,6038,6028,0,0,0,2026-09-09T18:52:04.5300913Z
125.55ms,8.0,0,10006,30009,"mass_navigation_agent_health_text_light:8568,mass_navigation_agent_health_hud_light:8568,mass_navigation_agent_azure_light:2142,mass_navigation_agent_crimson_light:2142,mass_navigation_agent_amber_light:2142,mass_navigation_agent_emerald_light:2142,mass_navigation_agent_health_text_heavy:1432,mass_navigation_agent_health_hud_heavy:1432",6,6,10000,10000/6,1.23,0.64,0.00,0.00,0.06,23.70,9.04,0.01,4.15,MassNavigationAuthoredAgentBindingSystem:1.42,AttributeAggregatorSystem:0.94,MapEntityLifecycleObserverSystem:0.94,19.42,PresenterBehaviorSystem:5.68,CameraCullingSystem:4.31,PresenterEmitSystem:2.86,5.68,0,148,148,0,10000,1.04,1.66,0.44,10009/0,0.00,0/0,0.72,10009,0.00,0.00/0.00/0.00/0.00,0.00/0.00/0.00,0.00/0.00/0.00/0.00/0.00/0.00,0.00/0.00/0.00/0.00/0.00,4.31,2.76,0.01,1.53,4.30,0.00,8.78,20000,12066,0,2.62,0.03,4/0,0.00,0,0,0,0,2.56,0.00,0.04,0.01,6,0.00,0.02,6,2,2/0,0.00,0,0,0.00,0,0,0.00,0,0,3.32,0.24,2,12066,0,3.31,0.00,0.00,0.00,0.00,0.00,2.86,0.00,0,0.58,294,0,294/0/0,82.38,0.00,20000,6038,6028,0,0,0,2026-09-09T18:52:12.0585591Z
126.84ms,7.9,0,10006,30009,"mass_navigation_agent_health_text_light:8568,mass_navigation_agent_health_hud_light:8568,mass_navigation_agent_azure_light:2142,mass_navigation_agent_crimson_light:2142,mass_navigation_agent_amber_light:2142,mass_navigation_agent_emerald_light:2142,mass_navigation_agent_health_text_heavy:1432,mass_navigation_agent_health_hud_heavy:1432",6,6,10000,10000/6,1.20,0.67,0.00,0.00,0.04,34.34,8.87,0.00,13.95,MassNavigationSimulationStepSystem:11.72,SpatialPartitionUpdateSystem:0.45,EffectProcessingLoopSystem:0.41,20.28,PresenterBehaviorSystem:5.08,CameraCullingSystem:3.96,PresenterEntityTransformSyncSystem:3.79,5.08,0,0,0,0,10000,0.99,3.79,0.42,10009/0,0.00,0/0,0.67,10009,0.00,0.00/0.00/0.00/0.00,0.00/0.00/0.00,0.00/0.00/0.00/0.00/0.00/0.00,0.00/0.00/0.00/0.00/0.00,3.96,2.70,0.00,1.25,3.96,0.00,8.60,20000,12066,0,2.65,0.02,4/0,0.00,0,0,0,0,2.59,0.00,0.04,0.01,6,0.00,0.03,6,2,2/0,0.00,0,0,0.00,0,0,0.00,0,0,1.73,0.25,2,12066,0,1.72,0.00,0.00,0.00,0.00,0.00,3.03,0.00,0,0.82,2718,2718,2718/0/0,74.84,0.00,20000,6038,6028,0,0,0,2026-09-09T18:52:19.6446988Z
124.14ms,8.1,0,10006,30009,"mass_navigation_agent_health_text_light:8568,mass_navigation_agent_health_hud_light:8568,mass_navigation_agent_azure_light:2142,mass_navigation_agent_crimson_light:2142,mass_navigation_agent_amber_light:2142,mass_navigation_agent_emerald_light:2142,mass_navigation_agent_health_text_heavy:1432,mass_navigation_agent_health_hud_heavy:1432",6,6,10000,10000/6,1.27,0.62,0.00,0.00,0.05,26.22,8.95,0.01,6.51,EffectProcessingLoopSystem:2.76,MassNavigationAuthoredAgentBindingSystem:1.35,MapEntityLifecycleObserverSystem:0.93,19.59,PresenterBehaviorSystem:5.53,CameraCullingSystem:4.46,PresenterEmitSystem:2.89,5.52,0,157,157,0,10000,1.03,1.68,0.40,10009/0,0.00,0/0,0.69,10009,0.00,0.00/0.00/0.00/0.00,0.00/0.00/0.00,0.00/0.00/0.00/0.00/0.00/0.00,0.00/0.00/0.00/0.00/0.00,4.46,2.83,0.00,1.61,4.46,0.00,8.65,20000,12066,0,2.60,0.03,4/0,0.00,0,0,0,0,2.54,0.00,0.04,0.01,6,0.00,0.03,6,2,2/0,0.00,0,0,0.00,0,0,0.00,0,0,3.36,0.28,2,12066,0,3.36,0.00,0.00,0.00,0.00,0.00,2.89,0.00,0,0.63,312,0,312/0/0,78.38,0.00,20000,6038,6028,0,0,0,2026-09-09T18:52:27.1455201Z
138.19ms,7.2,0,10006,30009,"mass_navigation_agent_health_text_light:8568,mass_navigation_agent_health_hud_light:8568,mass_navigation_agent_azure_light:2142,mass_navigation_agent_crimson_light:2142,mass_navigation_agent_amber_light:2142,mass_navigation_agent_emerald_light:2142,mass_navigation_agent_health_text_heavy:1432,mass_navigation_agent_health_hud_heavy:1432",6,6,10000,10000/6,1.20,0.63,0.01,0.00,0.06,20.10,8.90,0.01,0.33,EffectProcessingLoopSystem:0.33,:0.00,:0.00,19.64,CameraCullingSystem:5.36,PresenterBehaviorSystem:5.29,PresenterEmitSystem:2.25,5.29,0,0,0,0,10000,0.99,2.12,0.38,10009/0,0.00,0/0,0.68,10009,0.00,0.00/0.00/0.00/0.00,0.00/0.00/0.00,0.00/0.00/0.00/0.00/0.00/0.00,0.00/0.00/0.00/0.00/0.00,5.36,2.77,0.01,2.56,5.36,0.00,8.87,20000,12066,0,2.62,0.03,4/0,0.00,0,0,0,0,2.56,0.00,0.04,0.01,6,0.00,0.02,6,2,2/0,0.00,0,0,0.00,0,0,0.00,0,0,1.59,0.00,0,12066,0,1.59,0.00,0.00,0.00,0.00,0.00,2.25,0.00,0,0.00,0,0,0/0/0,100.55,0.00,20000,6038,6028,0,0,0,2026-09-09T18:52:34.7576279Z
123.50ms,8.1,0,10006,30009,"mass_navigation_agent_health_text_light:8568,mass_navigation_agent_health_hud_light:8568,mass_navigation_agent_azure_light:2142,mass_navigation_agent_crimson_light:2142,mass_navigation_agent_amber_light:2142,mass_navigation_agent_emerald_light:2142,mass_navigation_agent_health_text_heavy:1432,mass_navigation_agent_health_hud_heavy:1432",6,6,10000,10000/6,1.21,0.68,0.00,0.00,0.06,19.76,8.74,0.01,0.33,EffectProcessingLoopSystem:0.32,:0.00,:0.00,19.30,CameraCullingSystem:5.38,PresenterBehaviorSystem:5.20,PresenterEmitSystem:2.22,5.20,0,0,0,0,10000,0.98,1.92,0.39,10009/0,0.00,0/0,0.68,10009,0.00,0.00/0.00/0.00/0.00,0.00/0.00/0.00,0.00/0.00/0.00/0.00/0.00/0.00,0.00/0.00/0.00/0.00/0.00,5.37,2.81,0.01,2.55,5.37,0.00,8.71,20000,12064,0,2.67,0.03,4/0,0.00,0,0,0,0,2.61,0.00,0.04,0.01,6,0.00,0.02,6,2,2/0,0.00,0,0,0.00,0,0,0.00,0,0,1.63,0.00,0,12064,0,1.63,0.00,0.00,0.00,0.00,0.00,2.22,0.00,0,0.00,0,0,0/0/0,86.15,0.00,20000,6037,6027,0,0,0,2026-09-09T18:52:42.4213865Z
134.74ms,7.4,0,10006,30009,"mass_navigation_agent_health_text_light:8568,mass_navigation_agent_health_hud_light:8568,mass_navigation_agent_azure_light:2142,mass_navigation_agent_crimson_light:2142,mass_navigation_agent_amber_light:2142,mass_navigation_agent_emerald_light:2142,mass_navigation_agent_health_text_heavy:1432,mass_navigation_agent_health_hud_heavy:1432",6,6,10000,10000/6,1.20,0.66,0.00,0.00,0.06,36.39,9.20,0.01,14.18,MassNavigationSimulationStepSystem:11.41,AbilityEndOrderSystem:0.63,SpatialPartitionUpdateSystem:0.48,21.82,PresenterBehaviorSystem:5.55,CameraCullingSystem:4.46,PresenterEntityTransformSyncSystem:4.09,5.54,0,0,0,0,10000,1.00,4.09,0.39,10009/0,0.00,0/0,0.68,10009,0.00,0.00/0.00/0.00/0.00,0.00/0.00/0.00,0.00/0.00/0.00/0.00/0.00/0.00,0.00/0.00/0.00/0.00/0.00,4.46,2.75,0.00,1.70,4.46,0.00,8.91,20000,12064,0,2.65,0.03,4/0,0.00,0,0,0,0,2.58,0.00,0.04,0.01,6,0.00,0.02,6,2,2/0,0.00,0,0,0.00,0,0,0.00,0,0,1.75,0.26,2,12064,0,1.75,0.00,0.00,0.00,0.00,0.00,3.13,0.00,0,0.86,2672,2672,2672/0/0,80.38,0.00,20000,6037,6027,0,0,0,2026-09-09T18:52:49.9666204Z
130.00ms,7.7,0,10006,30009,"mass_navigation_agent_health_text_light:8568,mass_navigation_agent_health_hud_light:8568,mass_navigation_agent_azure_light:2142,mass_navigation_agent_crimson_light:2142,mass_navigation_agent_amber_light:2142,mass_navigation_agent_emerald_light:2142,mass_navigation_agent_health_text_heavy:1432,mass_navigation_agent_health_hud_heavy:1432",6,6,10000,10000/6,1.20,0.65,0.00,0.00,0.05,47.30,8.91,0.01,26.03,MassNavigationSimulationStepSystem:23.53,SpatialPartitionUpdateSystem:0.57,AbilityEndOrderSystem:0.47,21.14,PresenterBehaviorSystem:5.16,CameraCullingSystem:4.40,PresenterEntityTransformSyncSystem:3.93,5.16,0,0,0,0,10000,1.00,3.93,0.35,10009/0,0.00,0/0,0.68,10009,0.00,0.00/0.00/0.00/0.00,0.00/0.00/0.00,0.00/0.00/0.00/0.00/0.00/0.00,0.00/0.00/0.00/0.00/0.00,4.39,2.67,0.00,1.70,4.39,0.00,8.61,20000,12064,0,2.75,0.02,4/0,0.00,0,0,0,0,2.69,0.00,0.03,0.01,6,0.00,0.02,6,2,2/0,0.00,0,0,0.00,0,0,0.00,0,0,1.76,0.27,2,12064,0,1.76,0.00,0.00,0.00,0.00,0.00,3.18,0.00,0,0.86,2714,2714,2714/0/0,64.87,0.00,20000,6037,6027,0,0,0,2026-09-09T18:52:57.5440291Z
124.01ms,8.1,0,10006,30009,"mass_navigation_agent_health_text_light:8568,mass_navigation_agent_health_hud_light:8568,mass_navigation_agent_azure_light:2142,mass_navigation_agent_crimson_light:2142,mass_navigation_agent_amber_light:2142,mass_navigation_agent_emerald_light:2142,mass_navigation_agent_health_text_heavy:1432,mass_navigation_agent_health_hud_heavy:1432",6,6,10000,10000/6,1.21,0.67,0.00,0.00,0.06,19.85,8.74,0.01,0.33,EffectProcessingLoopSystem:0.32,:0.00,:0.00,19.39,CameraCullingSystem:5.42,PresenterBehaviorSystem:5.12,PresenterEmitSystem:2.25,5.12,0,0,0,0,10000,0.99,1.96,0.38,10009/0,0.00,0/0,0.67,10009,0.00,0.00/0.00/0.00/0.00,0.00/0.00/0.00,0.00/0.00/0.00/0.00/0.00/0.00,0.00/0.00/0.00/0.00/0.00,5.42,2.75,0.01,2.65,5.42,0.00,8.72,20000,12064,0,2.64,0.04,4/0,0.00,0,0,0,0,2.57,0.00,0.04,0.01,6,0.00,0.03,6,2,2/0,0.00,0,0,0.00,0,0,0.00,0,0,1.72,0.00,0,12064,0,1.71,0.00,0.00,0.00,0.00,0.00,2.25,0.00,0,0.00,0,0,0/0/0,86.61,0.00,20000,6037,6027,0,0,0,2026-09-09T18:53:05.2116438Z
128.50ms,7.8,0,10006,30009,"mass_navigation_agent_health_text_light:8568,mass_navigation_agent_health_hud_light:8568,mass_navigation_agent_azure_light:2142,mass_navigation_agent_crimson_light:2142,mass_navigation_agent_amber_light:2142,mass_navigation_agent_emerald_light:2142,mass_navigation_agent_health_text_heavy:1432,mass_navigation_agent_health_hud_heavy:1432",6,6,10000,10000/6,1.30,0.65,0.00,0.00,0.07,29.57,8.98,0.01,8.10,MassNavigationSimulationStepSystem:5.92,AbilityEndOrderSystem:0.47,EffectProcessingLoopSystem:0.43,21.24,PresenterBehaviorSystem:5.20,CameraCullingSystem:4.53,PresenterEntityTransformSyncSystem:3.99,5.20,0,0,0,0,10000,0.99,3.99,0.39,10009/0,0.00,0/0,0.69,10009,0.00,0.00/0.00/0.00/0.00,0.00/0.00/0.00,0.00/0.00/0.00/0.00/0.00/0.00,0.00/0.00/0.00/0.00/0.00,4.53,2.81,0.00,1.69,4.52,0.00,8.70,20000,12064,0,2.63,0.02,4/0,0.00,0,0,0,0,2.57,0.00,0.04,0.01,6,0.00,0.03,6,2,2/0,0.00,0,0,0.00,0,0,0.00,0,0,1.83,0.26,2,12064,0,1.83,0.00,0.00,0.00,0.00,0.00,2.97,0.00,0,0.81,2582,2582,2582/0/0,80.92,0.00,20000,6037,6027,0,0,0,2026-09-09T18:53:12.6973261Z
130.55ms,7.7,0,10006,30009,"mass_navigation_agent_health_text_light:8568,mass_navigation_agent_health_hud_light:8568,mass_navigation_agent_azure_light:2142,mass_navigation_agent_crimson_light:2142,mass_navigation_agent_amber_light:2142,mass_navigation_agent_emerald_light:2142,mass_navigation_agent_health_text_heavy:1432,mass_navigation_agent_health_hud_heavy:1432",6,6,10000,10000/6,1.21,0.62,0.00,0.00,0.06,31.01,9.06,0.01,9.55,MassNavigationSimulationStepSystem:7.34,AbilityEndOrderSystem:0.48,EffectProcessingLoopSystem:0.40,21.33,PresenterBehaviorSystem:5.37,CameraCullingSystem:4.41,PresenterEntityTransformSyncSystem:3.91,5.37,0,0,0,0,10000,1.00,3.91,0.40,10009/0,0.00,0/0,0.68,10009,0.00,0.00/0.00/0.00/0.00,0.00/0.00/0.00,0.00/0.00/0.00/0.00/0.00/0.00,0.00/0.00/0.00/0.00/0.00,4.41,2.68,0.00,1.71,4.41,0.00,8.75,20000,12064,0,2.74,0.02,4/0,0.00,0,0,0,0,2.68,0.00,0.04,0.01,6,0.00,0.02,6,2,2/0,0.00,0,0,0.00,0,0,0.00,0,0,1.76,0.28,2,12064,0,1.76,0.00,0.00,0.00,0.00,0.00,3.06,0.00,0,0.83,2576,2576,2576/0/0,81.50,0.00,20000,6037,6027,0,0,0,2026-09-09T18:53:20.2096912Z
121.98ms,8.2,0,10006,30009,"mass_navigation_agent_health_text_light:8568,mass_navigation_agent_health_hud_light:8568,mass_navigation_agent_azure_light:2142,mass_navigation_agent_crimson_light:2142,mass_navigation_agent_amber_light:2142,mass_navigation_agent_emerald_light:2142,mass_navigation_agent_health_text_heavy:1432,mass_navigation_agent_health_hud_heavy:1432",6,6,10000,10000/6,1.25,0.63,0.00,0.00,0.06,23.96,9.09,0.01,4.50,MassNavigationAuthoredAgentBindingSystem:1.43,AttributeAggregatorSystem:1.14,MapEntityLifecycleObserverSystem:0.97,19.33,PresenterBehaviorSystem:5.58,CameraCullingSystem:4.35,PresenterEmitSystem:2.84,5.58,0,168,168,0,10000,1.02,1.74,0.34,10009/0,0.00,0/0,0.70,10009,0.00,0.00/0.00/0.00/0.00,0.00/0.00/0.00,0.00/0.00/0.00/0.00/0.00/0.00,0.00/0.00/0.00/0.00/0.00,4.35,2.76,0.00,1.57,4.34,0.00,8.78,20000,12064,0,2.61,0.02,4/0,0.00,0,0,0,0,2.56,0.00,0.04,0.01,6,0.00,0.02,6,2,2/0,0.00,0,0,0.00,0,0,0.00,0,0,3.41,0.29,2,12064,0,3.40,0.00,0.00,0.00,0.00,0.00,2.84,0.00,0,0.67,334,0,334/0/0,78.36,0.00,20000,6037,6027,0,0,0,2026-09-09T18:53:27.8854951Z
129.60ms,7.7,0,10006,30009,"mass_navigation_agent_health_text_light:8568,mass_navigation_agent_health_hud_light:8568,mass_navigation_agent_azure_light:2142,mass_navigation_agent_crimson_light:2142,mass_navigation_agent_amber_light:2142,mass_navigation_agent_emerald_light:2142,mass_navigation_agent_health_text_heavy:1432,mass_navigation_agent_health_hud_heavy:1432",6,6,10000,10000/6,1.20,0.65,0.00,0.00,0.06,45.64,8.89,0.01,24.66,MassNavigationSimulationStepSystem:22.15,SpatialPartitionUpdateSystem:0.57,AbilityEndOrderSystem:0.47,20.86,PresenterBehaviorSystem:5.13,CameraCullingSystem:4.40,PresenterEntityTransformSyncSystem:3.86,5.13,0,0,0,0,10000,0.99,3.86,0.38,10009/0,0.00,0/0,0.69,10009,0.00,0.00/0.00/0.00/0.00,0.00/0.00/0.00,0.00/0.00/0.00/0.00/0.00/0.00,0.00/0.00/0.00/0.00/0.00,4.39,2.74,0.00,1.64,4.39,0.00,8.61,20000,12064,0,2.62,0.02,4/0,0.00,0,0,0,0,2.56,0.00,0.04,0.01,6,0.00,0.02,6,2,2/0,0.00,0,0,0.00,0,0,0.00,0,0,1.77,0.26,2,12064,0,1.77,0.00,0.00,0.00,0.00,0.00,3.01,0.00,0,0.83,2668,2668,2668/0/0,66.25,0.00,20000,6037,6027,0,0,0,2026-09-09T18:53:35.3562064Z
127.92ms,7.8,0,10006,30009,"mass_navigation_agent_health_text_light:8568,mass_navigation_agent_health_hud_light:8568,mass_navigation_agent_azure_light:2142,mass_navigation_agent_crimson_light:2142,mass_navigation_agent_amber_light:2142,mass_navigation_agent_emerald_light:2142,mass_navigation_agent_health_text_heavy:1432,mass_navigation_agent_health_hud_heavy:1432",6,6,10000,10000/6,1.20,0.64,0.00,0.00,0.05,21.74,8.67,0.01,2.72,EffectProcessingLoopSystem:2.71,:0.00,:0.00,18.89,CameraCullingSystem:5.24,PresenterBehaviorSystem:5.12,PresenterEmitSystem:2.21,5.12,0,0,0,0,10000,0.99,1.79,0.36,10009/0,0.00,0/0,0.67,10009,0.00,0.00/0.00/0.00/0.00,0.00/0.00/0.00,0.00/0.00/0.00/0.00/0.00/0.00,0.00/0.00/0.00/0.00/0.00,5.24,2.72,0.01,2.49,5.23,0.00,8.64,20000,12064,0,2.64,0.04,4/0,0.00,0,0,0,0,2.56,0.00,0.04,0.01,6,0.00,0.03,6,2,2/0,0.00,0,0,0.00,0,0,0.00,0,0,1.61,0.00,0,12064,0,1.61,0.00,0.00,0.00,0.00,0.00,2.21,0.00,0,0.00,0,0,0/0/0,88.85,0.00,20000,6037,6027,0,0,0,2026-09-09T18:53:42.7872957Z
139.46ms,7.2,0,10006,30009,"mass_navigation_agent_health_text_light:8568,mass_navigation_agent_health_hud_light:8568,mass_navigation_agent_azure_light:2142,mass_navigation_agent_crimson_light:2142,mass_navigation_agent_amber_light:2142,mass_navigation_agent_emerald_light:2142,mass_navigation_agent_health_text_heavy:1432,mass_navigation_agent_health_hud_heavy:1432",6,6,10000,10000/6,1.19,0.59,0.00,0.00,0.06,27.66,9.13,0.00,5.94,MassNavigationAuthoredAgentBindingSystem:1.74,AttributeAggregatorSystem:1.73,MapEntityLifecycleObserverSystem:1.41,21.59,CameraCullingSystem:6.11,PresenterBehaviorSystem:5.53,PresenterEmitSystem:2.97,5.52,0,189,189,0,10000,1.01,2.12,0.37,10009/0,0.00,0/0,0.67,10009,0.00,0.00/0.00/0.00/0.00,0.00/0.00/0.00,0.00/0.00/0.00/0.00/0.00/0.00,0.00/0.00/0.00/0.00/0.00,6.10,2.83,0.01,3.26,6.10,0.00,8.77,20000,12064,0,2.55,0.02,4/0,0.00,0,0,0,0,2.48,0.00,0.03,0.01,6,0.00,0.02,6,2,2/0,0.00,0,0,0.00,0,0,0.00,0,0,4.32,0.33,2,12064,0,4.32,0.00,0.00,0.00,0.00,0.00,2.97,0.00,0,0.74,376,0,376/0/0,91.49,0.00,20000,6037,6027,0,0,0,2026-09-09T18:53:50.7296683Z
129.15ms,7.7,0,10006,30009,"mass_navigation_agent_health_text_light:8568,mass_navigation_agent_health_hud_light:8568,mass_navigation_agent_azure_light:2142,mass_navigation_agent_crimson_light:2142,mass_navigation_agent_amber_light:2142,mass_navigation_agent_emerald_light:2142,mass_navigation_agent_health_text_heavy:1432,mass_navigation_agent_health_hud_heavy:1432",6,6,10000,10000/6,1.22,0.66,0.00,0.00,0.05,49.41,9.17,0.01,27.36,MassNavigationSimulationStepSystem:24.97,AbilityEndOrderSystem:0.47,SpatialPartitionUpdateSystem:0.46,21.91,PresenterBehaviorSystem:5.30,CameraCullingSystem:4.83,PresenterEntityTransformSyncSystem:3.96,5.30,0,0,0,0,10000,1.04,3.95,0.44,10009/0,0.00,0/0,0.68,10009,0.00,0.00/0.00/0.00/0.00,0.00/0.00/0.00,0.00/0.00/0.00/0.00/0.00/0.00,0.00/0.00/0.00/0.00/0.00,4.82,2.77,0.00,2.03,4.82,0.00,8.89,20000,12064,0,2.67,0.03,4/0,0.00,0,0,0,0,2.59,0.00,0.04,0.01,6,0.00,0.02,6,2,2/0,0.00,0,0,0.00,0,0,0.00,0,0,1.85,0.26,2,12064,0,1.85,0.00,0.00,0.00,0.00,0.00,3.22,0.00,0,0.89,2646,2646,2646/0/0,61.56,0.00,20000,6037,6027,0,0,0,2026-09-09T18:53:58.9718562Z
124.57ms,8.0,0,10006,30009,"mass_navigation_agent_health_text_light:8568,mass_navigation_agent_health_hud_light:8568,mass_navigation_agent_azure_light:2142,mass_navigation_agent_crimson_light:2142,mass_navigation_agent_amber_light:2142,mass_navigation_agent_emerald_light:2142,mass_navigation_agent_health_text_heavy:1432,mass_navigation_agent_health_hud_heavy:1432",6,6,10000,10000/6,1.20,0.65,0.01,0.00,0.06,21.44,8.71,0.01,2.39,EffectProcessingLoopSystem:2.38,:0.00,:0.00,18.92,CameraCullingSystem:5.28,PresenterBehaviorSystem:5.13,PresenterEmitSystem:2.17,5.13,0,0,0,0,10000,0.98,1.81,0.40,10009/0,0.00,0/0,0.66,10009,0.00,0.00/0.00/0.00/0.00,0.00/0.00/0.00,0.00/0.00/0.00/0.00/0.00/0.00,0.00/0.00/0.00/0.00/0.00,5.28,2.75,0.00,2.52,5.28,0.00,8.69,20000,12064,0,2.62,0.02,4/0,0.00,0,0,0,0,2.56,0.00,0.04,0.01,6,0.00,0.02,6,2,2/0,0.00,0,0,0.00,0,0,0.00,0,0,2.08,0.00,0,12064,0,2.08,0.00,0.00,0.00,0.00,0.00,2.17,0.00,0,0.00,0,0,0/0/0,85.29,0.00,20000,6037,6027,0,0,0,2026-09-09T18:54:06.7951814Z
128.88ms,7.8,0,10006,30009,"mass_navigation_agent_health_text_light:8568,mass_navigation_agent_health_hud_light:8568,mass_navigation_agent_azure_light:2142,mass_navigation_agent_crimson_light:2142,mass_navigation_agent_amber_light:2142,mass_navigation_agent_emerald_light:2142,mass_navigation_agent_health_text_heavy:1432,mass_navigation_agent_health_hud_heavy:1432",6,6,10000,10000/6,1.20,0.65,0.00,0.00,0.05,48.50,8.92,0.00,27.51,MassNavigationSimulationStepSystem:25.08,SpatialPartitionUpdateSystem:0.54,AbilityEndOrderSystem:0.46,20.85,PresenterBehaviorSystem:5.23,CameraCullingSystem:4.26,PresenterEntityTransformSyncSystem:3.85,5.23,0,0,0,0,10000,0.99,3.85,0.38,10009/0,0.00,0/0,0.69,10009,0.00,0.00/0.00/0.00/0.00,0.00/0.00/0.00,0.00/0.00/0.00/0.00/0.00/0.00,0.00/0.00/0.00/0.00/0.00,4.26,2.71,0.00,1.53,4.26,0.00,8.64,20000,12064,0,2.62,0.02,4/0,0.00,0,0,0,0,2.55,0.00,0.04,0.01,6,0.00,0.02,6,2,2/0,0.00,0,0,0.00,0,0,0.00,0,0,1.78,0.26,2,12064,0,1.78,0.00,0.00,0.00,0.00,0.00,3.00,0.00,0,0.84,2614,2614,2614/0/0,62.68,0.00,20000,6037,6027,0,0,0,2026-09-09T18:54:14.3836793Z
128.69ms,7.8,0,10006,30009,"mass_navigation_agent_health_text_light:8568,mass_navigation_agent_health_hud_light:8568,mass_navigation_agent_azure_light:2142,mass_navigation_agent_crimson_light:2142,mass_navigation_agent_amber_light:2142,mass_navigation_agent_emerald_light:2142,mass_navigation_agent_health_text_heavy:1432,mass_navigation_agent_health_hud_heavy:1432",6,6,10000,10000/6,1.34,0.68,0.00,0.00,0.05,21.00,8.71,0.01,2.52,SpatialPartitionUpdateSystem:0.55,AbilityEndOrderSystem:0.53,EffectProcessingLoopSystem:0.41,18.36,PresenterBehaviorSystem:5.26,CameraCullingSystem:4.55,PresenterEmitSystem:2.29,5.26,0,0,0,0,10000,1.00,1.71,0.44,10009/0,0.00,0/0,0.68,10009,0.00,0.00/0.00/0.00/0.00,0.00/0.00/0.00,0.00/0.00/0.00/0.00/0.00/0.00,0.00/0.00/0.00/0.00/0.00,4.55,2.75,0.01,1.77,4.55,0.00,8.68,20000,12064,0,2.68,0.03,4/0,0.00,0,0,0,0,2.61,0.00,0.04,0.01,6,0.00,0.03,6,2,2/0,0.00,0,0,0.00,0,0,0.00,0,0,1.65,0.00,0,12064,0,1.65,0.00,0.00,0.00,0.00,0.00,2.29,0.00,0,0.00,0,0,0/0/0,89.98,0.00,20000,6037,6027,0,0,0,2026-09-09T18:54:21.8096669Z
